-- phpMyAdmin SQL Dump
-- version 5.2.0
-- https://www.phpmyadmin.net/
--
-- Host: 127.0.0.1:3306
-- Generation Time: May 28, 2023 at 01:26 AM
-- Server version: 8.0.31
-- PHP Version: 7.4.33

SET SQL_MODE = "NO_AUTO_VALUE_ON_ZERO";
START TRANSACTION;
SET time_zone = "+00:00";


/*!40101 SET @OLD_CHARACTER_SET_CLIENT=@@CHARACTER_SET_CLIENT */;
/*!40101 SET @OLD_CHARACTER_SET_RESULTS=@@CHARACTER_SET_RESULTS */;
/*!40101 SET @OLD_COLLATION_CONNECTION=@@COLLATION_CONNECTION */;
/*!40101 SET NAMES utf8mb4 */;

--
-- Database: `admin`
--

-- --------------------------------------------------------

--
-- Table structure for table `articles`
--

DROP TABLE IF EXISTS `articles`;
CREATE TABLE IF NOT EXISTS `articles` (
  `id` bigint NOT NULL AUTO_INCREMENT COMMENT 'Đây là khóa chính',
  `name` varchar(255) COLLATE utf8mb3_unicode_ci NOT NULL,
  `image` varchar(255) COLLATE utf8mb3_unicode_ci NOT NULL,
  `comment` int NOT NULL,
  `summary` text CHARACTER SET utf8mb3 COLLATE utf8mb3_unicode_ci NOT NULL,
  `content` text COLLATE utf8mb3_unicode_ci NOT NULL,
  `status` tinyint NOT NULL COMMENT '-1: Xóa, không mất\r\n-2: không hiển thị\r\n1: hiển thị',
  `created_at` datetime NOT NULL DEFAULT CURRENT_TIMESTAMP,
  `updated_at` datetime NOT NULL DEFAULT CURRENT_TIMESTAMP,
  `sku` int NOT NULL,
  `qty` int NOT NULL,
  `price` int NOT NULL,
  `alias` varchar(255) COLLATE utf8mb3_unicode_ci NOT NULL,
  `keyword` varchar(255) COLLATE utf8mb3_unicode_ci NOT NULL,
  `desc` text COLLATE utf8mb3_unicode_ci NOT NULL COMMENT 'Mô tả ngắn',
  `imgshare` varchar(255) COLLATE utf8mb3_unicode_ci NOT NULL,
  `title` text COLLATE utf8mb3_unicode_ci NOT NULL,
  `article_group_id` bigint NOT NULL,
  PRIMARY KEY (`id`)
) ENGINE=MyISAM AUTO_INCREMENT=8 DEFAULT CHARSET=utf8mb3 COLLATE=utf8mb3_unicode_ci;

--
-- Dumping data for table `articles`
--

INSERT INTO `articles` (`id`, `name`, `image`, `comment`, `summary`, `content`, `status`, `created_at`, `updated_at`, `sku`, `qty`, `price`, `alias`, `keyword`, `desc`, `imgshare`, `title`, `article_group_id`) VALUES
(1, 'NVIDIA RTX 5090 will be a Technology Revolution', '/uploads/articles/rtx_5090.jpg', 71, 'The NVIDIA RTX 50 Series “Blackwell” GPUs: A Game-Changing Release NVIDIA has announced that the highly-anticipated RTX 50 series GPUs, based on the innovative Blackwell architecture, will be released in 2024. These GPUs have the potential to be the first mainstream multi-chip module (MCM) based GPUs from the company, and could bring about the biggest performance leap in NVIDIA’s history.', 'The NVIDIA RTX 50 Series “Blackwell” GPUs: A Game-Changing Release NVIDIA has announced that the highly-anticipated RTX 50 series GPUs, based on the innovative Blackwell architecture, will be released in 2024. These GPUs have the potential to be the first mainstream multi-chip module (MCM) based GPUs from the company, and could bring about the biggest performance leap in NVIDIA’s history. What Makes the Geforce RTX 50 Series Stand Out According to reports, the RTX 50 series will feature a new streaming multiprocessor (SM) design, as well as a raytracing denoising accelerator for enhanced performance. The GPUs will also utilize a hyperspeed bus to connect the SM and chiplets, and will be manufactured on TSMC’s advanced 3nm process. Although no official specifications have been released yet, it is expected that there will be several RTX 50 series GPUs available, and the final selection will depend on the performance of AMD’s current and future RDNA offerings.', 1, '2023-04-08 08:00:34', '2023-05-26 11:34:00', 0, 0, 0, 'nvidia-rtx-5090-will-be-a-technology-revolution', '', '', '', '', 3),
(2, 'PS5 Pro in Development, Could Release Late 2024', '/uploads/articles/ps5_pro.webp', 110, 'Insider Gaming sources have confirmed that the PS5 Pro is in development and could release with a tentative release date of late 2024. Insider Gaming previously reported that a new PlayStation 5 with a detachable disc drive is scheduled to release later this year. It’s understood that this new model will phase out the current PlayStation 5 to cut down on production and shipping costs. In spite of the widespread reports, this is not the PS5 Pro model. This is “just the beginning of new hardware coming to PlayStation users this generation”, said one source when talking about the detachable disc drive console. As for what the PS5 specs will entail, details are limited. However, a recently-published patent by PlayStation architect Mark Cerny (spotted by @Onion00048) suggests that Sony Interactive Entertainment is looking to “accelerate” ray tracing performance in video games. Just like with the PS4 to the PS4 Pro, we can generally guess pretty confidently that the PS5 Pro will have increased visuals, performance, and speeds. But as for leaked details, we’ll have to wait until a later date to release those. Insider Gaming understands that the next generation of the PlayStation, the PS6, is unlikely to release until at least 2028. This would put the current generation console release schedule in line with its predecessors. In February, industry insider Jeff Grubb said during the Game Mess Decides podcast that Sony was planning to host a new PlayStation Showcase “before E3”. Although Insider Gaming cannot corroborate this report at this time, we do anticipate that it’s very likely that a showcase is on the horizon to show off games including Marvel’s Spider-Man 2, and talk about its new hardware coming towards the end of 2023. As for if the PS5 Pro makes sense remains to be seen. The current generation console market has seemingly only just stabilized following the chip shortages and developers still need to release past-generation to sell more units. Sony is expecting a massive FY23 for console units sold though (of around 30.5 million units), so a massive phasing out of past-gen games in Spring 2024 is logical. Do you think we need a PS5 Pro this generation? For more from Insider Gaming, check out our report on the new PlayStation 5 earbuds that should be released at the end of 2023.', 'Insider Gaming sources have confirmed that the PS5 Pro is in development and could release with a tentative release date of late 2024. Insider Gaming previously reported that a new PlayStation 5 with a detachable disc drive is scheduled to release later this year. It’s understood that this new model will phase out the current PlayStation 5 to cut down on production and shipping costs. In spite of the widespread reports, this is not the PS5 Pro model. This is “just the beginning of new hardware coming to PlayStation users this generation”, said one source when talking about the detachable disc drive console. As for what the PS5 specs will entail, details are limited. However, a recently-published patent by PlayStation architect Mark Cerny (spotted by @Onion00048) suggests that Sony Interactive Entertainment is looking to “accelerate” ray tracing performance in video games. Just like with the PS4 to the PS4 Pro, we can generally guess pretty confidently that the PS5 Pro will have increased visuals, performance, and speeds. But as for leaked details, we’ll have to wait until a later date to release those. Insider Gaming understands that the next generation of the PlayStation, the PS6, is unlikely to release until at least 2028. This would put the current generation console release schedule in line with its predecessors. In February, industry insider Jeff Grubb said during the Game Mess Decides podcast that Sony was planning to host a new PlayStation Showcase “before E3”. Although Insider Gaming cannot corroborate this report at this time, we do anticipate that it’s very likely that a showcase is on the horizon to show off games including Marvel’s Spider-Man 2, and talk about its new hardware coming towards the end of 2023. As for if the PS5 Pro makes sense remains to be seen. The current generation console market has seemingly only just stabilized following the chip shortages and developers still need to release past-generation to sell more units. Sony is expecting a massive FY23 for console units sold though (of around 30.5 million units), so a massive phasing out of past-gen games in Spring 2024 is logical. Do you think we need a PS5 Pro this generation? For more from Insider Gaming, check out our report on the new PlayStation 5 earbuds that should be released at the end of 2023.', 1, '2023-04-08 12:05:10', '2023-05-26 11:37:13', 0, 0, 0, 'ps5-pro-in-development-could-release-late-2024', '', '', '', '', 1),
(5, 'The 2023 iPhone 15 Pro and iPhone 15 Pro Max', '/uploads/articles/iphone_15.webp', 42, 'Apple in 2023 will continue on with its four iPhone lineup, debuting an iPhone 15, iPhone 15 Plus, iPhone 15 Pro, and iPhone 15 Pro Max. As with the iPhone 14 Pro models, the iPhone 15 Pro models will have features that are not available in the more affordable iPhone 15 devices.', 'Apple in 2023 will continue on with its four iPhone lineup, debuting an iPhone 15, iPhone 15 Plus, iPhone 15 Pro, and iPhone 15 Pro Max. As with the iPhone 14 Pro models, the iPhone 15 Pro models will have features that are not available in the more affordable iPhone 15 devices. This roundup highlights everything that we know about the iPhone 15 Pro and Pro Max based on circulating rumors. The iPhone 15 Pro is expected to measure in at 6.1 inches, while the iPhone 15 Pro Max will be 6.7 inches, identical to the iPhone 14 Pro models. So far, it looks like the iPhone 15 Pro models will have an updated design, with Apple introducing thinner, curved bezels and a new titanium chassis. Apple is also expected to add a redesigned \"mute\" button that could actually serve as an Action button similar to the Action button on the Apple Watch Ultra. The mute button will replace the current mute switch.', 1, '2023-04-08 12:05:10', '2023-05-26 11:37:32', 0, 0, 0, 'the-2023-iphone-15-pro-and-iphone-15-pro-max', '', '', '', '', 3);

-- --------------------------------------------------------

--
-- Table structure for table `article_groups`
--

DROP TABLE IF EXISTS `article_groups`;
CREATE TABLE IF NOT EXISTS `article_groups` (
  `id` bigint NOT NULL AUTO_INCREMENT COMMENT 'Đây là khóa chính',
  `name` varchar(255) COLLATE utf8mb3_unicode_ci NOT NULL,
  `image` varchar(255) COLLATE utf8mb3_unicode_ci NOT NULL,
  `summary` text CHARACTER SET utf8mb3 COLLATE utf8mb3_unicode_ci NOT NULL,
  `content` text COLLATE utf8mb3_unicode_ci NOT NULL,
  `status` tinyint NOT NULL COMMENT '-1: Xóa, không mất -2: không hiển thị 1: hiển thị',
  `created_at` datetime NOT NULL DEFAULT CURRENT_TIMESTAMP,
  `updated_at` datetime NOT NULL DEFAULT CURRENT_TIMESTAMP,
  `sku` int NOT NULL,
  `qty` int NOT NULL,
  `price` int NOT NULL,
  `alias` varchar(255) COLLATE utf8mb3_unicode_ci NOT NULL,
  `keyword` varchar(255) COLLATE utf8mb3_unicode_ci NOT NULL,
  `desc` text COLLATE utf8mb3_unicode_ci NOT NULL,
  `imgshare` varchar(255) COLLATE utf8mb3_unicode_ci NOT NULL,
  `title` text COLLATE utf8mb3_unicode_ci NOT NULL,
  `parent_id` bigint NOT NULL,
  PRIMARY KEY (`id`)
) ENGINE=MyISAM AUTO_INCREMENT=11 DEFAULT CHARSET=utf8mb3 COLLATE=utf8mb3_unicode_ci;

--
-- Dumping data for table `article_groups`
--

INSERT INTO `article_groups` (`id`, `name`, `image`, `summary`, `content`, `status`, `created_at`, `updated_at`, `sku`, `qty`, `price`, `alias`, `keyword`, `desc`, `imgshare`, `title`, `parent_id`) VALUES
(1, 'PC/CONSOLE', '', '', '', 1, '0000-00-00 00:00:00', '2023-05-26 10:20:11', 0, 0, 0, 'pc-console', '', '', '', '', 0),
(2, 'GAME ONLINE', '', '', '', 1, '2023-04-08 23:21:18', '2023-04-08 23:21:18', 0, 0, 0, 'game-online', '', '', '', '', 0),
(3, 'GAMING GEAR', '', '', '', 1, '2023-04-08 23:22:01', '2023-04-08 23:22:01', 0, 0, 0, 'gaming-gear', '', '', '', '', 0),
(4, 'ESPORT', '', '', '', 1, '2023-04-08 23:22:17', '2023-04-08 23:22:17', 0, 0, 0, 'esport', '', '', '', '', 0),
(5, 'GAME MOBILE', '', '', '', 1, '2023-04-08 23:22:27', '2023-04-08 23:22:27', 0, 0, 0, 'game-mobile', '', '', '', '', 0),
(6, 'N/A', '', '', '', 1, '2023-04-08 23:22:27', '2023-04-08 23:22:27', 0, 0, 0, 'n-a', '', '', '', '', 0);

-- --------------------------------------------------------

--
-- Table structure for table `categories`
--

DROP TABLE IF EXISTS `categories`;
CREATE TABLE IF NOT EXISTS `categories` (
  `id` bigint NOT NULL AUTO_INCREMENT COMMENT 'Đây là khóa chính',
  `parent_id` bigint NOT NULL,
  `name` varchar(255) COLLATE utf8mb3_unicode_ci NOT NULL,
  `image` varchar(255) COLLATE utf8mb3_unicode_ci NOT NULL,
  `summary` text CHARACTER SET utf8mb3 COLLATE utf8mb3_unicode_ci NOT NULL,
  `content` text COLLATE utf8mb3_unicode_ci NOT NULL,
  `status` tinyint NOT NULL COMMENT '-1: Xóa, không mất -2: không hiển thị 1: hiển thị',
  `created_at` datetime NOT NULL DEFAULT CURRENT_TIMESTAMP,
  `updated_at` datetime NOT NULL DEFAULT CURRENT_TIMESTAMP,
  `sku` int NOT NULL,
  `qty` int NOT NULL,
  `price` int NOT NULL,
  `alias` varchar(255) COLLATE utf8mb3_unicode_ci NOT NULL,
  `keyword` varchar(255) COLLATE utf8mb3_unicode_ci NOT NULL,
  `desc` text COLLATE utf8mb3_unicode_ci NOT NULL,
  `imgshare` varchar(255) COLLATE utf8mb3_unicode_ci NOT NULL,
  `title` text COLLATE utf8mb3_unicode_ci NOT NULL,
  PRIMARY KEY (`id`)
) ENGINE=MyISAM AUTO_INCREMENT=25 DEFAULT CHARSET=utf8mb3 COLLATE=utf8mb3_unicode_ci;

--
-- Dumping data for table `categories`
--

INSERT INTO `categories` (`id`, `parent_id`, `name`, `image`, `summary`, `content`, `status`, `created_at`, `updated_at`, `sku`, `qty`, `price`, `alias`, `keyword`, `desc`, `imgshare`, `title`) VALUES
(1, 0, 'Playstation 5', '', '', '', 1, '2023-03-14 06:39:28', '2023-05-27 01:08:05', 0, 0, 0, 'playstation-5', '', '', '', ''),
(2, 0, 'Playstation 4', '', '', '', 1, '2023-03-14 06:39:28', '2023-05-26 12:30:18', 0, 0, 0, 'playstation-4', '', '', '', ''),
(3, 0, 'Xbox Series X|S', '', '', '', 1, '2023-03-14 06:40:28', '2023-03-14 13:41:35', 0, 0, 0, 'xbox-series-x-s', '', '', '', ''),
(4, 0, 'Nintendo Switch', '', '', '', 1, '2023-03-14 06:40:28', '2023-03-14 13:41:35', 0, 0, 0, 'nintendo-switch', '', '', '', ''),
(5, 1, 'PS5 Console', '', '', '', 1, '2023-03-14 06:44:26', '2023-04-27 08:57:23', 0, 0, 0, 'ps5-console', '', '', '', ''),
(6, 1, 'PS5 Game', '', '', '', 1, '2023-03-14 06:44:26', '2023-04-28 07:46:43', 0, 0, 0, 'ps5-game', '', '', '', ''),
(7, 1, 'PS5 Game Coming', '', '', '', 1, '2023-03-14 06:49:51', '2023-04-27 08:57:11', 0, 0, 0, 'ps5-game-comming', '', '', '', ''),
(8, 1, 'PS5 Game 2nd', '', '', '', 1, '2023-03-14 06:49:51', '2023-04-27 08:57:19', 0, 0, 0, 'ps5-game-2nd', '', '', '', ''),
(9, 2, 'PS4 Console', '', '', '', 1, '2023-03-14 06:44:26', '2023-04-27 08:57:28', 0, 0, 0, 'ps4-console', '', '', '', ''),
(10, 2, 'PS4 Game', '', '', '', 1, '2023-03-14 06:44:26', '2023-04-28 07:48:50', 0, 0, 0, 'ps4-game', '', '', '', ''),
(11, 2, 'PS4 Game 2nd', '', '', '', 1, '2023-03-14 06:49:51', '2023-04-27 08:57:36', 0, 0, 0, 'ps4-game-2nd', '', '', '', ''),
(12, 3, 'Xbox Series X|S Console', '', '', '', 1, '2023-03-14 06:54:23', '2023-04-27 08:57:39', 0, 0, 0, 'xbox-series-x-s-console', '', '', '', ''),
(13, 3, 'Xbox Series Game', '', '', '', 1, '2023-03-14 06:54:23', '2023-04-26 18:46:42', 0, 0, 0, 'xbox-series-game', '', '', '', ''),
(14, 3, 'Xbox Series Game 2nd', '', '', '', 1, '2023-03-14 06:54:23', '2023-04-27 08:57:44', 0, 0, 0, 'xbox-series-game-2nd', '', '', '', ''),
(15, 4, 'Nintendo Switch OLED', '', '', '', 1, '2023-03-14 06:56:49', '2023-03-14 13:58:04', 0, 0, 0, 'nintendo-switch-oled', '', '', '', ''),
(16, 4, 'Nintendo Switch Lite', '', '', '', 1, '2023-03-14 06:56:49', '2023-03-14 13:58:04', 0, 0, 0, 'nintendo-switch-lite', '', '', '', ''),
(17, 4, 'Nintendo Switch Used', '', '', '', 1, '2023-03-14 06:56:49', '2023-03-14 13:58:04', 0, 0, 0, 'nintendo-switch-used', '', '', '', ''),
(18, 4, 'Nintendo Switch Game', '', '', '', 1, '2023-03-14 06:56:49', '2023-03-14 13:58:04', 0, 0, 0, 'nintendo-switch-game', '', '', '', ''),
(19, 4, 'Nintendo Switch Game Coming', '', '', '', 1, '2023-03-14 06:56:49', '2023-04-18 17:22:02', 0, 0, 0, 'nintendo-switch-game-comming', '', '', '', '');

-- --------------------------------------------------------

--
-- Table structure for table `customers`
--

DROP TABLE IF EXISTS `customers`;
CREATE TABLE IF NOT EXISTS `customers` (
  `id` bigint NOT NULL AUTO_INCREMENT COMMENT 'Đây là khóa chính',
  `name` varchar(255) COLLATE utf8mb3_unicode_ci NOT NULL,
  `username` varchar(255) COLLATE utf8mb3_unicode_ci DEFAULT NULL,
  `email` varchar(255) CHARACTER SET utf8mb3 COLLATE utf8mb3_unicode_ci DEFAULT NULL,
  `password` varchar(255) CHARACTER SET utf8mb3 COLLATE utf8mb3_unicode_ci DEFAULT NULL,
  `remember_token` varchar(255) CHARACTER SET utf8mb3 COLLATE utf8mb3_unicode_ci DEFAULT NULL,
  `status` tinyint NOT NULL COMMENT '-1:Del, -2:Block, 1:active',
  `phone` varchar(255) CHARACTER SET utf8mb3 COLLATE utf8mb3_unicode_ci DEFAULT NULL,
  `address` text COLLATE utf8mb3_unicode_ci NOT NULL,
  `gender` bit(1) NOT NULL COMMENT '0: Nam\r\n1: Nữ',
  `created_at` datetime NOT NULL DEFAULT CURRENT_TIMESTAMP,
  `updated_at` datetime NOT NULL DEFAULT CURRENT_TIMESTAMP,
  PRIMARY KEY (`id`),
  UNIQUE KEY `email` (`email`)
) ENGINE=MyISAM AUTO_INCREMENT=44 DEFAULT CHARSET=utf8mb3 COLLATE=utf8mb3_unicode_ci;

--
-- Dumping data for table `customers`
--

INSERT INTO `customers` (`id`, `name`, `username`, `email`, `password`, `remember_token`, `status`, `phone`, `address`, `gender`, `created_at`, `updated_at`) VALUES
(1, 'Trần Quang Đạt', NULL, 'quangdat123@gmail.com', '$2y$10$gX6Yk5yWYz0MvbRB7.6p/uU8TEZE0XD9NicfpMFESW1FaIeNmVt2S', '', 1, '123', 'mặt trăng', b'0', '2023-04-24 09:13:34', '2023-05-26 13:07:31'),
(2, 'Tịnh Tâm', NULL, 'tam@gmail.com', '$2y$10$gX6Yk5yWYz0MvbRB7.6p/uU8TEZE0XD9NicfpMFESW1FaIeNmVt2S', '', 1, '123', 'mặt trăng', b'1', '2023-04-24 09:13:34', '2023-04-24 10:46:01'),
(3, 'Vân Thảo', NULL, 'vanthao123@gmail.com', '$2y$10$gX6Yk5yWYz0MvbRB7.6p/uU8TEZE0XD9NicfpMFESW1FaIeNmVt2S', '', 1, '123', 'mặt trăng', b'1', '2023-04-24 09:13:34', '2023-04-24 10:46:03'),
(4, 'Trần Quang Khải', NULL, 'quangkhai123@gmail.com', '$2y$10$gX6Yk5yWYz0MvbRB7.6p/uU8TEZE0XD9NicfpMFESW1FaIeNmVt2S', '', 1, '123', 'mặt trăng', b'0', '2023-04-24 09:13:34', '2023-04-24 10:46:05'),
(5, 'Dương Khang', NULL, 'duongkhang123@gmail.com', '$2y$10$gX6Yk5yWYz0MvbRB7.6p/uU8TEZE0XD9NicfpMFESW1FaIeNmVt2S', '', 1, '123', 'mặt trăng', b'0', '2023-04-24 09:13:34', '2023-04-24 10:46:07'),
(6, 'Nguyễn Công Tuấn', NULL, 'congtuan123@gmail.com', '$2y$10$gX6Yk5yWYz0MvbRB7.6p/uU8TEZE0XD9NicfpMFESW1FaIeNmVt2S', '', 1, '123', 'mặt trăng', b'0', '2023-04-24 09:13:34', '2023-04-24 10:46:09'),
(7, 'Hạnh Thúy', NULL, 'hanhthuy123@gmail.com', '$2y$10$gX6Yk5yWYz0MvbRB7.6p/uU8TEZE0XD9NicfpMFESW1FaIeNmVt2S', '', 1, '123', 'mặt trăng', b'1', '2023-04-24 09:13:34', '2023-04-24 10:46:11'),
(8, 'Hạnh Châu', NULL, 'hanhchau123@gmail.com', '$2y$10$gX6Yk5yWYz0MvbRB7.6p/uU8TEZE0XD9NicfpMFESW1FaIeNmVt2S', '', 1, '123', 'mặt trăng', b'1', '2023-04-24 09:13:34', '2023-04-24 10:46:13'),
(9, 'Trường Sơn', NULL, 'truongson123@gmail.com', '$2y$10$gX6Yk5yWYz0MvbRB7.6p/uU8TEZE0XD9NicfpMFESW1FaIeNmVt2S', '', 1, '123', 'mặt trăng', b'0', '2023-04-24 09:13:34', '2023-04-24 10:46:16'),
(10, 'Tuấn Chí', NULL, 'tuanchi123@gmail.com', '$2y$10$gX6Yk5yWYz0MvbRB7.6p/uU8TEZE0XD9NicfpMFESW1FaIeNmVt2S', '', 1, '123', 'mặt trăng', b'0', '2023-04-24 09:13:34', '2023-04-24 10:46:18'),
(11, 'Quế Mẫn', NULL, 'queman@gmail.com', '$2y$10$gX6Yk5yWYz0MvbRB7.6p/uU8TEZE0XD9NicfpMFESW1FaIeNmVt2S', '', 1, '123', 'mặt trăng', b'1', '2023-04-24 09:13:34', '2023-04-24 10:46:20'),
(12, 'Uyên Thy', NULL, 'thy@gmail.com', '$2y$10$gX6Yk5yWYz0MvbRB7.6p/uU8TEZE0XD9NicfpMFESW1FaIeNmVt2S', '', 1, '123', 'mặt trăng', b'1', '2023-04-24 09:13:34', '2023-04-24 10:46:22'),
(13, 'Trung Tín', NULL, 'trungtin123@gmail.com', '$2y$10$gX6Yk5yWYz0MvbRB7.6p/uU8TEZE0XD9NicfpMFESW1FaIeNmVt2S', '', 1, '123', 'mặt trăng', b'0', '2023-04-24 09:13:34', '2023-04-24 10:46:24'),
(14, 'Tuấn', NULL, 'tuan@gmail.com', '$2y$10$gX6Yk5yWYz0MvbRB7.6p/uU8TEZE0XD9NicfpMFESW1FaIeNmVt2S', '', 1, '1234556789', 'mặt trăng', b'0', '2023-04-24 09:13:34', '2023-05-25 01:17:54'),
(28, 'Bùi Hoàng Anh Tuấn', NULL, 'anhtuan1411994@gmail.com', '$2y$10$gX6Yk5yWYz0MvbRB7.6p/uU8TEZE0XD9NicfpMFESW1FaIeNmVt2S', NULL, 1, '0786337984', '123123132', b'0', '2023-05-08 10:23:22', '2023-05-08 10:23:22');

-- --------------------------------------------------------

--
-- Table structure for table `functions`
--

DROP TABLE IF EXISTS `functions`;
CREATE TABLE IF NOT EXISTS `functions` (
  `id` bigint NOT NULL AUTO_INCREMENT COMMENT 'Đây là khóa chính',
  `name` varchar(255) COLLATE utf8mb3_unicode_ci NOT NULL,
  `link` varchar(255) COLLATE utf8mb3_unicode_ci NOT NULL,
  `route_name` varchar(255) COLLATE utf8mb3_unicode_ci NOT NULL,
  `icon` varchar(255) COLLATE utf8mb3_unicode_ci NOT NULL,
  `showmenu` tinyint NOT NULL DEFAULT '1',
  `summary` text CHARACTER SET utf8mb3 COLLATE utf8mb3_unicode_ci NOT NULL,
  `status` tinyint NOT NULL DEFAULT '1',
  `created_at` datetime NOT NULL DEFAULT CURRENT_TIMESTAMP,
  `updated_at` datetime NOT NULL DEFAULT CURRENT_TIMESTAMP,
  `parent_id` bigint NOT NULL,
  `allow` tinyint NOT NULL,
  `pos` tinyint NOT NULL DEFAULT '1',
  PRIMARY KEY (`id`)
) ENGINE=MyISAM AUTO_INCREMENT=71 DEFAULT CHARSET=utf8mb3 COLLATE=utf8mb3_unicode_ci;

--
-- Dumping data for table `functions`
--

INSERT INTO `functions` (`id`, `name`, `link`, `route_name`, `icon`, `showmenu`, `summary`, `status`, `created_at`, `updated_at`, `parent_id`, `allow`, `pos`) VALUES
(1, 'User Management', '#', '', '', 1, '', 1, '2023-04-03 09:08:05', '2023-04-03 09:08:05', 0, 0, 1),
(2, 'List', '?controller=user&action=index', 'b.userlist', '<i class=\"fas fa-fw fa-table\"></i>', 1, '', 1, '2023-04-03 09:08:05', '2023-04-03 09:08:05', 1, 0, 1),
(3, 'Create', '?controller=user&action=create', 'b.createuser', '<i class=\"fas fa-fw fa-cog\"></i>', 1, '', 1, '2023-04-03 09:08:05', '2023-04-03 09:08:05', 1, 0, 1),
(4, 'Edit', '?controller=user&action=edit_list', 'b.useredit', '', 0, '', 1, '2023-04-03 09:08:05', '2023-04-03 09:08:05', 1, 0, 1),
(5, 'Delete', '?controller=user&action=delete', 'b.deluser', '', 0, '', 1, '2023-04-03 09:08:05', '2023-04-03 09:08:05', 1, 0, 1),
(6, 'Production Management', '#', '', '', 1, '', 1, '2023-04-03 09:08:05', '2023-04-03 09:08:05', 0, 0, 2),
(7, 'List', '?controller=product&action=index', 'products.index', '<i class=\"fas fa-fw fa-table\"></i>', 1, '', 1, '2023-04-03 09:08:05', '2023-04-03 09:08:05', 13, 0, 1),
(8, 'Create', '?controller=product&action=create', 'products.create', '<i class=\"fas fa-fw fa-cog\"></i>', 1, '', 1, '2023-04-03 09:08:05', '2023-04-03 09:08:05', 13, 0, 1),
(9, 'Edit', '?controller=product&action=edit_list', 'products.edit', '', 0, '', 1, '2023-04-03 09:08:05', '2023-04-03 09:08:05', 13, 0, 1),
(10, 'Delete', '?controller=product&action=delete', 'products.destroy', '', 0, '', 1, '2023-04-03 09:08:05', '2023-04-03 09:08:05', 13, 0, 1),
(11, 'Overview', '?controller=system&action=index', 'b.home', '<i class=\"fas fa-fw fa-tachometer-alt\"></i>', 0, '', 1, '2023-04-03 09:08:05', '2023-04-03 09:08:05', 0, 0, 0),
(12, 'Permission', '?controller=role&action=index', 'roles.index', '<i class=\"fas fa-fw fa-table\"></i>', 1, '', 1, '2023-04-03 09:08:05', '2023-04-03 09:08:05', 1, 0, 1),
(13, 'Product', '#', '', '<i class=\"fas fa-fw fa-folder\"></i>', 1, '', 1, '2023-04-03 09:08:05', '2023-04-03 09:08:05', 6, 0, 1),
(14, 'Supplier', '#', '', '<i class=\"fas fa-fw fa-folder\"></i>', 1, '', 1, '2023-04-03 09:08:05', '2023-04-03 09:08:05', 6, 0, 1),
(15, 'List', '?controller=supplier&action=index', 'suppliers.index', '<i class=\"fas fa-fw fa-table\"></i>', 1, '', 1, '2023-04-03 09:08:05', '2023-04-03 09:08:05', 14, 0, 1),
(16, 'Create', '?controller=supplier&action=create', 'suppliers.create', '<i class=\"fas fa-fw fa-cog\"></i>', 1, '', 1, '2023-04-03 09:08:05', '2023-04-03 09:08:05', 14, 0, 1),
(17, 'Edit', '?controller=supplier&action=edit_list', 'suppliers.edit', '', 0, '', 1, '2023-04-03 09:08:05', '2023-04-03 09:08:05', 14, 0, 1),
(18, 'Delete', '?controller=supplier&action=delete', 'suppliers.destroy', '', 0, '', 1, '2023-04-03 09:08:05', '2023-04-03 09:08:05', 14, 0, 1),
(19, 'Category', '#', '', '<i class=\"fas fa-fw fa-folder\"></i>', 1, '', 1, '2023-04-03 09:08:05', '2023-04-03 09:08:05', 6, 0, 1),
(20, 'List', '?controller=category&action=index', 'categories.index', '<i class=\"fas fa-fw fa-table\"></i>', 1, '', 1, '2023-04-03 09:08:05', '2023-04-03 09:08:05', 19, 0, 1),
(21, 'Create', '?controller=category&action=create', 'categories.create', '<i class=\"fas fa-fw fa-cog\"></i>', 1, '', 1, '2023-04-03 09:08:05', '2023-04-03 09:08:05', 19, 0, 1),
(22, 'Edit', '?controller=category&action=edit_list', 'categories.edit', '', 0, '', 1, '2023-04-03 09:08:05', '2023-04-03 09:08:05', 19, 0, 1),
(23, 'Delete', '?controller=category&action=delete', 'categories.destroy', '', 0, '', 1, '2023-04-03 09:08:05', '2023-04-03 09:08:05', 19, 0, 1),
(24, 'Sale Management', '#', '', '', 1, '', 1, '2023-04-03 09:08:05', '2023-04-03 09:08:05', 0, 0, 3),
(25, 'Order', '#', '', '<i class=\"fas fa-fw fa-folder\"></i>', 1, '', 1, '2023-04-03 09:08:05', '2023-04-03 09:08:05', 24, 0, 1),
(26, 'List', '?controller=order&action=index', 'orders.index', '<i class=\"fas fa-fw fa-table\"></i>', 1, '', 1, '2023-04-03 09:08:05', '2023-04-03 09:08:05', 25, 0, 1),
(27, 'Customer', '#', '', '<i class=\"fas fa-fw fa-folder\"></i>', 1, '', 1, '2023-04-03 09:08:05', '2023-04-03 09:08:05', 24, 0, 1),
(28, 'List', '?controller=customer&action=index', 'customers.index', '<i class=\"fas fa-fw fa-table\"></i>', 1, '', 1, '2023-04-03 09:08:05', '2023-04-03 09:08:05', 27, 0, 1),
(29, 'Article Management', '#', '', '', 1, '', 1, '2023-04-03 09:08:05', '2023-04-03 09:08:05', 0, 0, 4),
(30, 'Post', '#', '', '<i class=\"fas fa-fw fa-folder\"></i>', 1, '', 1, '2023-04-03 09:08:05', '2023-04-03 09:08:05', 29, 0, 1),
(31, 'List', '?controller=article&action=index', 'articles.index', '<i class=\"fas fa-fw fa-table\"></i>', 1, '', 1, '2023-04-03 09:08:05', '2023-04-03 09:08:05', 30, 0, 1),
(32, 'Create', '?controller=article&action=create', 'articles.create', '<i class=\"fas fa-fw fa-cog\"></i>', 1, '', 1, '2023-04-03 09:08:05', '2023-04-03 09:08:05', 30, 0, 1),
(33, 'Edit', '?controller=article&action=edit_list', 'articles.edit', '', 0, '', 1, '2023-04-03 09:08:05', '2023-04-03 09:08:05', 30, 0, 1),
(34, 'Delete', '?controller=article&action=delete', 'articles.destroy', '', 0, '', 1, '2023-04-03 09:08:05', '2023-04-03 09:08:05', 30, 0, 1),
(35, 'Category', '#', '', '<i class=\"fas fa-fw fa-folder\"></i>', 1, '', 1, '2023-04-03 09:08:05', '2023-04-03 09:08:05', 29, 0, 1),
(36, 'List', '?controller=article_group&action=index', 'articlegroups.index', '<i class=\"fas fa-fw fa-table\"></i>', 1, '', 1, '2023-04-03 09:08:05', '2023-04-03 09:08:05', 35, 0, 1),
(37, 'Create', '?controller=article_group&action=create', 'articlegroups.create', '<i class=\"fas fa-fw fa-cog\"></i>', 1, '', 1, '2023-04-03 09:08:05', '2023-04-03 09:08:05', 35, 0, 1),
(38, 'Edit', '?controller=article_group&action=edit_list', 'articlegroups.edit', '', 0, '', 1, '2023-04-03 09:08:05', '2023-04-03 09:08:05', 35, 0, 1),
(39, 'Delete', '?controller=article_group&action=delete', 'articlegroups.destroy', '', 0, '', 1, '2023-04-03 09:08:05', '2023-04-03 09:08:05', 35, 0, 1),
(40, 'System', '#', '', '', 1, '', 1, '2023-04-03 09:08:05', '2023-04-03 09:08:05', 0, 0, 5),
(41, 'Log', '?controller=system&action=log', '', '<i class=\"fas fa-fw fa-cog\"></i>', 1, '', 1, '2023-04-03 09:08:05', '2023-04-09 10:08:08', 40, 0, 1),
(42, 'Configuration', '?controller=system&action=config', '', '<i class=\"fas fa-fw fa-wrench\"></i>', 1, '', 1, '2023-04-03 09:08:05', '2023-04-09 10:13:06', 40, 0, 1),
(43, 'Logout', '?controller=user&action=logout', '', '', 0, '', 1, '2023-04-03 09:08:05', '2023-04-03 09:08:05', 0, 1, 0),
(44, 'Profile', '?controller=user&action=profile', 'b.infouser', '', 0, '', 1, '2023-04-03 09:08:05', '2023-04-03 09:08:05', 0, 1, 0),
(45, 'Change Password', '?controller=user&action=change_pass', '', '', 0, '', 1, '2023-04-03 09:08:05', '2023-04-03 09:08:05', 0, 1, 0),
(46, 'Profile_update', '?controller=user&action=update_profile', 'b.infouser_update', '', 0, '', 1, '2023-04-03 09:08:05', '2023-04-03 09:08:05', 0, 1, 0),
(47, 'Change Password_Update', '?controller=user&action=update_pass', '', '', 0, '', 1, '2023-04-03 09:08:05', '2023-04-03 09:08:05', 0, 1, 0),
(48, 'Access', '?controller=role&action=edit', 'roles.edit', '', 0, '', 1, '2023-04-03 09:08:05', '2023-04-03 09:08:05', 12, 0, 1),
(49, 'Save', '?controller=role&action=update', 'roles.store', '', 0, '', 1, '2023-04-03 09:08:05', '2023-04-03 09:08:05', 12, 0, 1),
(50, 'Update', '?controller=user&action=update_list', 'b.useredit_update', '', 0, '', 1, '2023-04-03 09:08:05', '2023-04-03 09:08:05', 4, 0, 1),
(51, 'Insert', '?controller=user&action=insert', 'b.createuser_action', '', 0, '', 1, '2023-04-03 09:08:05', '2023-04-03 09:08:05', 3, 0, 1),
(52, 'Update', '?controller=product&action=update_list', 'products.update', '', 0, '', 1, '2023-04-03 09:08:05', '2023-04-03 09:08:05', 9, 0, 1),
(53, 'Insert', '?controller=product&action=insert', 'products.store', '', 0, '', 1, '2023-04-03 09:08:05', '2023-04-03 09:08:05', 8, 0, 1),
(54, 'Update', '?controller=supplier&action=update_list', 'suppliers.update', '', 0, '', 1, '2023-04-03 09:08:05', '2023-04-03 09:08:05', 17, 0, 1),
(55, 'Insert', '?controller=supplier&action=insert', 'suppliers.store', '', 0, '', 1, '2023-04-03 09:08:05', '2023-04-03 09:08:05', 16, 0, 1),
(56, 'Update', '?controller=category&action=update_list', 'categories.update', '', 0, '', 1, '2023-04-03 09:08:05', '2023-04-03 09:08:05', 22, 0, 1),
(57, 'Insert', '?controller=category&action=insert', 'categories.store', '', 0, '', 1, '2023-04-03 09:08:05', '2023-04-03 09:08:05', 21, 0, 1),
(58, 'Update_list', '?controller=order&action=edit_list', 'orders.edit', '', 0, '', 1, '2023-04-03 09:08:05', '2023-04-03 09:08:05', 26, 0, 1),
(59, 'Update', '?controller=order&action=update_list', 'orders.update', '', 0, '', 1, '2023-04-03 09:08:05', '2023-04-03 09:08:05', 58, 0, 1),
(62, 'Update_List', '?controller=customer&action=edit_list', 'customers.edit', '', 0, '', 1, '2023-04-03 09:08:05', '2023-04-03 09:08:05', 28, 0, 1),
(63, 'Update', '?controller=customer&action=update_list', 'customers.update', '', 0, '', 1, '2023-04-03 09:08:05', '2023-04-03 09:08:05', 62, 0, 1),
(64, 'Order', '?controller=customer&action=detail', 'customers.show', '', 0, '', 1, '2023-04-03 09:08:05', '2023-04-03 09:08:05', 27, 0, 1),
(65, 'Insert', '?controller=article&action=insert', 'articles.store', '', 0, '', 1, '2023-04-03 09:08:05', '2023-04-03 09:08:05', 32, 0, 1),
(66, 'Update', '?controller=article&action=update_list', 'articles.update', '', 0, '', 1, '2023-04-03 09:08:05', '2023-04-03 09:08:05', 33, 0, 1),
(67, 'Insert', '?controller=article_group&action=insert', 'articlegroups.store', '', 0, '', 1, '2023-04-03 09:08:05', '2023-04-03 09:08:05', 37, 0, 1),
(68, 'Update', '?controller=article_group&action=update_list', 'articlegroups.update', '', 0, '', 1, '2023-04-03 09:08:05', '2023-04-03 09:08:05', 38, 0, 1);

-- --------------------------------------------------------

--
-- Table structure for table `orders`
--

DROP TABLE IF EXISTS `orders`;
CREATE TABLE IF NOT EXISTS `orders` (
  `id` bigint NOT NULL AUTO_INCREMENT COMMENT 'Đây là khóa chính',
  `code` varchar(255) COLLATE utf8mb3_unicode_ci NOT NULL COMMENT 'code không trùng',
  `customer_id` bigint NOT NULL,
  `order_date` datetime NOT NULL DEFAULT CURRENT_TIMESTAMP,
  `total` bigint NOT NULL,
  `sustotal` bigint NOT NULL,
  `order_status` tinyint NOT NULL COMMENT '1:new, 2:confirm,3packing,4shipping,5success,6fail,7cancel',
  `note` text CHARACTER SET utf8mb3 COLLATE utf8mb3_unicode_ci,
  `payment` int NOT NULL,
  `shipping` int NOT NULL,
  `address_ship` text COLLATE utf8mb3_unicode_ci NOT NULL,
  `created_at` datetime NOT NULL DEFAULT CURRENT_TIMESTAMP,
  `updated_at` datetime NOT NULL DEFAULT CURRENT_TIMESTAMP ON UPDATE CURRENT_TIMESTAMP,
  PRIMARY KEY (`id`),
  UNIQUE KEY `code` (`code`)
) ENGINE=MyISAM AUTO_INCREMENT=270 DEFAULT CHARSET=utf8mb3 COLLATE=utf8mb3_unicode_ci;

--
-- Dumping data for table `orders`
--

INSERT INTO `orders` (`id`, `code`, `customer_id`, `order_date`, `total`, `sustotal`, `order_status`, `note`, `payment`, `shipping`, `address_ship`, `created_at`, `updated_at`) VALUES
(1, '230310-01', 1, '2023-03-10 10:35:18', 30, 30, 1, '', 0, 0, '', '2023-05-07 23:14:25', '2023-05-26 13:39:09'),
(2, '230310-02', 10, '2023-03-10 10:35:18', 70, 70, 5, '', 0, 0, '', '2023-05-07 23:14:25', '2023-05-18 11:48:06'),
(3, '230310-03', 8, '2023-03-10 10:35:18', 70, 70, 5, '', 0, 0, '', '2023-05-07 23:14:25', '2023-05-18 11:48:54'),
(4, '230310-04', 3, '2023-03-10 10:35:18', 180, 180, 5, '', 0, 0, '', '2023-05-07 23:14:25', '2023-05-18 11:51:06'),
(5, '231013-01', 11, '2023-03-13 03:10:10', 140, 140, 4, '', 0, 0, '', '2023-05-07 23:14:25', '2023-05-25 01:19:38'),
(6, '231013-02', 12, '2023-03-13 03:10:10', 30, 30, 5, '', 0, 0, '', '2023-05-07 23:14:25', '2023-05-18 11:51:54'),
(269, '230525081517-14', 14, '2023-05-25 08:15:17', 130, 130, 2, 'hgjhgjhg', 0, 0, '1231ấđáa', '2023-05-25 08:15:17', '2023-05-26 13:27:56'),
(268, '230522111736-28', 28, '2023-05-22 11:17:36', 130, 130, 7, 'Giao gap', 0, 0, 'Sun', '2023-05-22 11:17:36', '2023-05-26 13:38:32'),
(267, '230522111457-28', 28, '2023-05-22 11:14:57', 140, 140, 6, 'Gap', 0, 0, '123123132', '2023-05-22 11:14:57', '2023-05-26 11:10:32'),
(266, '230522105814-28', 28, '2023-05-22 10:58:14', 499, 499, 1, 'Giao gap', 0, 0, '123123132', '2023-05-22 10:58:14', '2023-05-22 10:58:14'),
(259, '230517000546-14', 14, '2023-05-17 00:05:46', 499, 499, 1, NULL, 0, 0, 'mặt trăng', '2023-05-17 00:05:46', '2023-05-17 00:05:46'),
(260, '230518115429-12', 12, '2023-05-18 11:54:29', 939, 939, 3, 'Hot', 0, 0, 'America', '2023-05-18 11:54:29', '2023-05-26 11:10:21'),
(261, '230519152905-12', 12, '2023-05-19 15:29:05', 20, 20, 1, '123', 0, 0, 'America', '2023-05-19 15:29:05', '2023-05-19 15:29:05'),
(262, '230519174635-12', 12, '2023-05-19 17:46:35', 180, 180, 1, 'gap gap', 0, 0, 'America', '2023-05-19 17:46:35', '2023-05-19 17:46:35'),
(263, '230521100542-14', 14, '2023-05-21 10:05:42', 1190, 1190, 1, NULL, 0, 0, 'Trái Đất', '2023-05-21 10:05:42', '2023-05-21 10:05:42'),
(264, '230521103754-14', 14, '2023-05-21 10:37:54', 70, 70, 4, 'gap', 0, 0, 'Trái Đất', '2023-05-21 10:37:54', '2023-05-21 16:10:00'),
(265, '230522085700-28', 28, '2023-05-22 08:57:00', 70, 70, 1, NULL, 0, 0, '123123132', '2023-05-22 08:57:00', '2023-05-22 08:57:00'),
(237, '230515112844-28', 28, '2023-05-15 11:28:44', 70, 70, 6, NULL, 0, 0, '123123132', '2023-05-15 11:28:44', '2023-05-26 11:10:26'),
(236, '230515112649-28', 28, '2023-05-15 11:26:49', 70, 70, 7, NULL, 0, 0, '123123132', '2023-05-15 11:26:49', '2023-05-26 11:10:31'),
(235, '230515112054-28', 28, '2023-05-15 11:20:54', 70, 70, 1, NULL, 0, 0, '123123132', '2023-05-15 11:20:54', '2023-05-15 11:20:54'),
(234, '230515111857-28', 28, '2023-05-15 11:18:57', 70, 70, 7, NULL, 0, 0, '123123132', '2023-05-15 11:18:57', '2023-05-26 11:10:28'),
(233, '230515111641-28', 28, '2023-05-15 11:16:41', 140, 140, 1, NULL, 0, 0, '123123132', '2023-05-15 11:16:41', '2023-05-15 11:16:41'),
(230, '230508232017-28', 28, '2023-05-08 23:20:17', 70, 70, 2, NULL, 0, 0, '123123132', '2023-05-08 23:20:17', '2023-05-26 11:10:15'),
(232, '230515111545-28', 28, '2023-05-15 11:15:45', 140, 140, 1, NULL, 0, 0, '123123132', '2023-05-15 11:15:45', '2023-05-15 11:15:45'),
(231, '230515110804-28', 28, '2023-05-15 11:08:04', 140, 140, 2, NULL, 0, 0, '123123132', '2023-05-15 11:08:04', '2023-05-26 11:10:17'),
(228, '230508130724-28', 28, '2023-05-08 13:07:24', 70, 70, 4, NULL, 0, 0, '123123132', '2023-05-08 13:07:24', '2023-05-26 13:38:49'),
(229, '230508130756-28', 28, '2023-05-08 13:07:56', 70, 70, 3, NULL, 0, 0, '123123132', '2023-05-08 13:07:56', '2023-05-26 11:12:21');

-- --------------------------------------------------------

--
-- Table structure for table `order_details`
--

DROP TABLE IF EXISTS `order_details`;
CREATE TABLE IF NOT EXISTS `order_details` (
  `id` bigint NOT NULL AUTO_INCREMENT COMMENT 'Đây là khóa chính',
  `order_id` bigint NOT NULL COMMENT 'Không trùng',
  `product_id` bigint NOT NULL COMMENT 'Không trùng',
  `qty` int NOT NULL,
  `price` bigint NOT NULL,
  PRIMARY KEY (`id`),
  UNIQUE KEY `order_id` (`order_id`,`product_id`)
) ENGINE=MyISAM AUTO_INCREMENT=261 DEFAULT CHARSET=utf8mb3 COLLATE=utf8mb3_unicode_ci;

--
-- Dumping data for table `order_details`
--

INSERT INTO `order_details` (`id`, `order_id`, `product_id`, `qty`, `price`) VALUES
(1, 1, 1, 1, 30),
(2, 2, 16, 1, 70),
(3, 3, 2, 1, 70),
(4, 4, 1, 1, 30),
(5, 4, 3, 1, 30),
(6, 4, 9, 1, 60),
(7, 4, 12, 1, 60),
(8, 5, 16, 2, 70),
(9, 6, 18, 1, 30),
(260, 269, 6, 1, 30),
(259, 269, 3, 1, 30),
(258, 269, 11, 1, 70),
(257, 268, 16, 1, 70),
(256, 268, 12, 1, 60),
(255, 267, 11, 1, 70),
(254, 267, 8, 1, 70),
(253, 266, 32, 1, 499),
(252, 265, 11, 1, 70),
(251, 264, 11, 1, 70),
(250, 263, 8, 1, 70),
(249, 263, 11, 1, 70),
(248, 263, 29, 3, 350),
(247, 262, 12, 3, 60),
(246, 261, 17, 1, 20),
(240, 259, 24, 1, 499),
(241, 260, 8, 1, 70),
(242, 260, 12, 1, 60),
(244, 260, 38, 1, 60),
(243, 260, 25, 1, 399),
(221, 237, 8, 1, 70),
(220, 236, 8, 1, 70),
(219, 235, 8, 1, 70),
(218, 234, 8, 1, 70),
(217, 233, 11, 2, 70),
(216, 232, 11, 2, 70),
(215, 231, 11, 2, 70),
(214, 230, 11, 1, 70),
(213, 229, 8, 1, 70),
(245, 260, 29, 1, 350);

-- --------------------------------------------------------

--
-- Table structure for table `products`
--

DROP TABLE IF EXISTS `products`;
CREATE TABLE IF NOT EXISTS `products` (
  `id` bigint NOT NULL AUTO_INCREMENT COMMENT 'Đây là khóa chính',
  `category_id` bigint DEFAULT NULL,
  `supplier_id` bigint NOT NULL,
  `name` varchar(255) COLLATE utf8mb3_unicode_ci NOT NULL,
  `namepre` varchar(255) COLLATE utf8mb3_unicode_ci NOT NULL,
  `nameprelast` varchar(255) COLLATE utf8mb3_unicode_ci NOT NULL,
  `image` varchar(255) COLLATE utf8mb3_unicode_ci NOT NULL,
  `summary` text CHARACTER SET utf8mb3 COLLATE utf8mb3_unicode_ci NOT NULL,
  `content` text COLLATE utf8mb3_unicode_ci NOT NULL,
  `platforms` text COLLATE utf8mb3_unicode_ci NOT NULL,
  `kind` varchar(255) COLLATE utf8mb3_unicode_ci NOT NULL,
  `status` tinyint NOT NULL COMMENT '-1:del\r\n-2:block\r\n1:active',
  `rate` tinyint NOT NULL,
  `created_at` datetime NOT NULL DEFAULT CURRENT_TIMESTAMP,
  `updated_at` datetime NOT NULL DEFAULT CURRENT_TIMESTAMP,
  `sku` int NOT NULL,
  `qty` int NOT NULL,
  `price` int NOT NULL,
  `launch_date` varchar(255) COLLATE utf8mb3_unicode_ci NOT NULL,
  `release_day` varchar(255) COLLATE utf8mb3_unicode_ci NOT NULL,
  `alias` varchar(255) COLLATE utf8mb3_unicode_ci NOT NULL,
  `keyword` varchar(255) COLLATE utf8mb3_unicode_ci NOT NULL,
  `desc` text CHARACTER SET utf8mb3 COLLATE utf8mb3_unicode_ci NOT NULL,
  `imgshare` varchar(255) COLLATE utf8mb3_unicode_ci NOT NULL,
  `title` text COLLATE utf8mb3_unicode_ci NOT NULL,
  PRIMARY KEY (`id`)
) ENGINE=MyISAM AUTO_INCREMENT=52 DEFAULT CHARSET=utf8mb3 COLLATE=utf8mb3_unicode_ci;

--
-- Dumping data for table `products`
--

INSERT INTO `products` (`id`, `category_id`, `supplier_id`, `name`, `namepre`, `nameprelast`, `image`, `summary`, `content`, `platforms`, `kind`, `status`, `rate`, `created_at`, `updated_at`, `sku`, `qty`, `price`, `launch_date`, `release_day`, `alias`, `keyword`, `desc`, `imgshare`, `title`) VALUES
(1, 10, 1, 'God of War', '', '', '/uploads/products/gow.jpg', 'Kratos trong phần 3 đã tự sát sau khi tiêu diệt các vị thần trên đỉnh Olympus kể cả Zeus. Tuy vậy không biết vì sao anh đã đến được Bắc Âu và sống một cuộc sống mới với người vợ thứ hai là Faye, họ có với nhau 1 đứa con. Kratos đặt tên con là Atreus để tưởng nhớ 1 người đồng đội đã chết còn Faye lại đặt một tên khác là \"Loki\". Khi Faye qua đời, cô có 1 ước nguyện cuối cùng là được rải tro cốt của mình lên đỉnh núi cao nhất trong 9 thế giới. Để hoàn thành nguyện vọng cuối cùng của vợ, Kratos buộc phải vừa huấn luyện con trai vừa lên đường đi tìm ngọn núi lớn nhât trong 9 thế giới. Trước khi đi, Kratos đã phải đối đầu với Baldur, con trai của thần Odin và Freya.', '', 'ps4', 'game', 1, 5, '2023-03-10 06:13:00', '2023-05-27 01:25:32', 0, 100, 30, 'released', 'APRIL 20, 2018', 'god-of-war', '', 'God of War là trò chơi phiêu lưu hành động góc nhìn thứ ba được Santa Monica Studio phát triển và Sony Interactive Entertainment phát hành.', '', 'God of War[a] là trò chơi phiêu lưu hành động góc nhìn thứ ba được Santa Monica Studio phát triển và Sony Interactive Entertainment (SIE) phát hành. Phát hành vào ngày 20 tháng 4 năm 2018, cho hệ máy PlayStation 4 (PS4), đây là phần thứ tám trong chuỗi trò chơi God of War, thứ tám theo thứ tự thời gian và là phần tiếp theo của trò chơi năm 2010, God of War III. Không giống như các trò chơi trước đó vốn dựa trên cơ sở của Thần thoại Hy Lạp, trò chơi này dựa trên cơ sở của Thần thoại Bắc Âu. Lần đầu tiên trong dòng game này có hai nhân vật chính: Kratos, cựu thần chiến tranh của Hy Lạp, và con trai của ông là Atreus. Sau cái chết của người vợ thứ hai của Kratos và mẹ của Atreus là Faye, họ bắt đầu cuộc hành trình để thực hiện lời hứa của bà ấy và rải tro của bà ấy ở đỉnh cao nhất trong chín cõi. Kratos giữ bí mật về quá khứ của mình không cho Atreus biết, người không biết về bản chất thần linh thực sự của mình. Trên hành trình của họ, họ gặp các quái vật và các thần của thế giới Bắc Âu.'),
(2, 6, 1, 'God of War Ragnarok', '', '', '/uploads/products/gow_ranarok.jpg', 'Gần cuối Fimbulwinter, Kratos và Atreus trở về nhà—chống lại cuộc phục kích của Freya đầy thù hận—để tìm con sói Fenrir của họ trong những giây phút cuối cùng. Sự đau buồn của Atreus biến anh ta thành một con gấu thông qua phép thuật thần thánh và Người khổng lồ vẫn chưa được kiểm soát của mình, chiến đấu với Kratos trong một thời gian ngắn trước khi anh ta tỉnh lại. Thor đến cùng với Odin, người đề nghị để họ yên nếu Atreus từ bỏ cuộc tìm kiếm bí mật cho Týr. Kratos từ chối và đấu với Thor đến bế tắc, nhưng Odin nói với Atreus rằng anh ta sẽ để Kratos yên nếu người trước đến Asgard. Kratos, Atreus và Mímir trú ẩn tại quê hương của Sindri Yggdrasil , ở vương quốc giữa các cõi.\r\n\r\nAtreus thừa nhận anh và Sindri đã tìm kiếm manh mối về tung tích của Týr. Kratos miễn cưỡng đồng ý giúp Atreus; họ đến Svartalfheim và giải cứu Týr theo chủ nghĩa hòa bình. Cả nhóm đi đến đền thờ của Gróa ở Alfheim để hiểu lời tiên tri liên quan đến Ragnarök, và biết được Gróa đã nói dối: chỉ có Asgard là bị hủy diệt nhưng tất cả các vương quốc khác đều tồn tại dưới quyền của một nhà vô địch mới, ngụ ý là Atreus sử dụng tên Loki.\r\n\r\nKratos và Atreus tranh luận về định mệnh được cho là của Atreus. Đêm đó, Atreus được chuyển đến Jötunheim một cách kỳ diệu, nơi anh gặp Nữ thần khổng lồ Angrboda, người đã cho anh xem một bức tranh tường [b] báo trước cái chết của Kratos ở Ragnarök và Atreus phục vụ Odin. Atreus biết được những Người khổng lồ đã chuyển linh hồn của họ thành những viên đá tâm linh; anh ta được giao cho họ và đặt linh hồn của Người khổng lồ vào cơ thể của một con rắn. Atreus trở lại Midgard, nơi anh và Kratos bị Freya tấn công. Cô ấy đồng ý tha cho Kratos nếu anh ấy giúp cô ấy phá bỏ lời nguyền ràng buộc cô ấy với Midgard—cô ấy phá vỡ nó bằng cách biến thành một con chim ưng. Tại Vanaheim, nơi Freyr, anh trai bị ghẻ lạnh của Freya, lãnh đạo cuộc kháng chiến chống lại Odin, Kratos mở lòng với Freya về cái chết của gia đình đầu tiên của anh ta ở Hy Lạpvà sự trống rỗng của sự trả thù. Sau khi phá bỏ lời nguyền, Freya và Kratos làm lành.\r\n\r\nKratos và Atreus tranh cãi về hành vi gian dối của Atreus; Atreus chạy trốn đến Asgard để tìm cách ngăn chặn cái chết của Kratos. Odin yêu cầu sự giúp đỡ của anh ấy trong việc ngăn chặn Ragnarök bằng cách lắp ráp lại một chiếc mặt nạ cổ xưa được cho là có thể cung cấp kiến ​​​​thức vô hạn. Trong khi đó, Kratos, Freya và Mímir đến thăm Norns, những người nói rằng Heimdall định giết Atreus. Kratos và Brok rèn chiếc nhẫn Draupnir thành một cây thương mạnh mẽ, có khả năng gây sát thương cho Heimdall. Ở Helheim, Atreus thả con sói khổng lồ vô hồn Garm, người bắt đầu xé toạc các cõi. Sau khi đoàn tụ với Kratos, Atreus, nhận ra linh hồn của Fenrir bị ràng buộc vào con dao của mình khi anh ta chết, đã hồi sinh Fenrir bằng cách chuyển linh hồn của anh ta vào Garm. Kratos và Atreus sau đó hòa giải. Cùng với Mímir và Freya, họ quay trở lại Vanaheim để giải cứu Freyr khỏi Aesir. Kratos buộc phải giết Heimdall và yêu cầu Gjallarhorn, khiến Ragnarök chuyển động.\r\n\r\nAtreus thâm nhập vào Asgard và đánh cắp chiếc mặt nạ. Tại nơi ẩn náu, Týr đồng ý chiến đấu; nghi ngờ về sự thay đổi trái tim của Týr, Brok nhận ra rằng anh ấy đang gọi Atreus là \"Loki\", giống như người Asgardians. Týr đâm chết Brok, tiết lộ rằng anh ta từng là Odin cải trang. Cả nhóm đuổi anh ta đi nhưng Sindri đau buồn đổ lỗi cho Atreus về cái chết của Brok và bỏ nhóm. Atreus và Kratos cam kết với Ragnarök, tiến vào Muspelheim để giúp Surtr đạt được dạng nguyên thủy định mệnh sẽ hủy diệt Asgard.\r\n\r\nCác lực lượng thống nhất của các vương quốc tập hợp dưới sự lãnh đạo của Kratos; anh ta âm thanh Gjallarhorn để bắt đầu cuộc bao vây Asgard. Trận chiến bắt đầu không tốt; Yêu tinh và Vanir đấu tranh với hàng phòng thủ của Asgard, Sindri đến một mình để tránh thêm cái chết của người lùn, và quân đội buộc phải giải cứu những người tị nạn Midgardian vô tội. Tuy nhiên, tình thế thay đổi khi Angrboda đến cùng Fenrir và con rắn Atreus được cứu, giờ đã trưởng thành hoàn toàn thành Jörmungandr , kẻ đã đánh lạc hướng Thor trong khi Sindri phá hủy bức tường bảo vệ của Asgard. Thrúd và Sif đào thoát sau khi phát hiện ra Odin sử dụng những người tị nạn làm lá chắn. Thor đánh bật Jörmungandr ngược thời gianvà giao chiến với Kratos, nhưng được thuyết phục đứng xuống để giúp đỡ gia đình anh ta, nhưng bị Odin giết vì không tuân theo. Kratos, Atreus, Freya và Mímir chế ngự và đánh bại Odin; Atreus phá vỡ chiếc mặt nạ và nhốt linh hồn của Odin trong một viên đá tâm linh, thứ mà Sindri đầy thù hận đã đập vỡ. Freyr hy sinh bản thân để mọi người có thể chạy trốn khi Surtr hủy diệt Asgard.\r\n\r\nTại Midgard, Atreus gặp lại Angrboda, người đã cho anh và Kratos xem bức tranh tường mà Faye đã phá hủy để họ có thể tự quyết định số phận của mình. Atreus quyết tâm tìm kiếm những Người khổng lồ còn sống sót ở những vùng đất khác, và gửi lời tạm biệt chân thành đến Kratos. Kratos phát hiện ra một bức tranh tường mô tả anh ta như một vị thần hòa bình được tôn kính. Anh ta tuyển dụng Freya và Mímir để xây dựng lại và khôi phục hòa bình. Einherjar của Asgard bị quét sạch, Freya giết chết Nữ hoàng Valkyrie đầy thù hận Gná và lấy lại áo choàng của cô ta, Aesir chuyển đến Vanaheim và đạt được hòa bình với Vanir, Thrúd sử dụng Mjölnir để tôn vinh Thor, còn Týr thực sự được giải thoát ở Niflheim. Trong đoạn kết bí mật, Kratos, Freya, Mímir và Sindri không khoan nhượng tham dự đám tang của Brok ở Svartalfheim.', '', 'ps5', 'game', 1, 5, '2023-03-10 06:13:00', '2023-05-26 08:18:50', 0, 100, 70, 'released', 'NOVEMBER 9, 2022', 'god-of-war-ragnarok', '', 'God of War Ragnarök là một trò chơi phiêu lưu hành động được phát triển bởi Santa Monica Studio và được xuất bản bởi Sony Interactive Entertainment . Nó được phát hành trên toàn thế giới vào ngày 9 tháng 11 năm 2022, cho PlayStation 4 và PlayStation 5 , đánh dấu bản phát hành đa thế hệ đầu tiên trong sê -ri God of War . Đây là phần thứ chín trong sê-ri, thứ chín theo trình tự thời gian và là phần tiếp theo của God of War năm 2018 . Dựa trên thần thoại Bắc Âu , trò chơi lấy bối cảnh ở Scandinavia cổ đại và có nhân vật chính của loạt phim, Kratos, và cậu con trai tuổi teen Atreus. Kết thúc kỷ nguyên Bắc Âu của bộ truyện, trò chơi đề cập đến Ragnarök , sự kiện cánh chung là trung tâm của thần thoại Bắc Âu và được báo trước là sẽ xảy ra trong trò chơi trước sau khi Kratos giết thần Aesir Baldur .', '', 'God of War Ragnarök là một trò chơi phiêu lưu hành động được phát triển bởi Santa Monica Studio và được xuất bản bởi Sony Interactive Entertainment . Nó được phát hành trên toàn thế giới vào ngày 9 tháng 11 năm 2022, cho PlayStation 4 và PlayStation 5 , đánh dấu bản phát hành đa thế hệ đầu tiên trong sê -ri God of War . Đây là phần thứ chín trong sê-ri, thứ chín theo trình tự thời gian và là phần tiếp theo của God of War năm 2018 . Dựa trên thần thoại Bắc Âu , trò chơi lấy bối cảnh ở Scandinavia cổ đại và có nhân vật chính của loạt phim, Kratos, và cậu con trai tuổi teen Atreus. Kết thúc kỷ nguyên Bắc Âu của bộ truyện, trò chơi đề cập đến Ragnarök , sự kiện cánh chung là trung tâm của thần thoại Bắc Âu và được báo trước là sẽ xảy ra trong trò chơi trước sau khi Kratos giết thần Aesir Baldur .\r\n\r\nCách chơi tương tự như phần 2018 trước đó. Nó có tính năng chiến đấu dựa trên kết hợp , cũng như các yếu tố giải đố và nhập vai . Cách chơi đã được cải tiến so với trò chơi trước: ngoài vũ khí chính của Kratos, chiếc rìu chiến ma thuật và lưỡi kiếm hai dây của anh ta , anh ta còn có được một cây giáo ma thuật và chiếc khiên của mìnhđã trở nên linh hoạt hơn, với các loại khiên khác nhau có khả năng tấn công và phòng thủ khác nhau. Con trai của ông, Atreus, cũng như một số nhân vật khác, hỗ trợ trong chiến đấu và có thể được điều khiển một cách thụ động. Ngoài ra, và lần đầu tiên trong sê-ri, có một số nhiệm vụ câu chuyện trong đó người chơi có toàn quyền kiểm soát Atreus; cách chơi của anh ấy tương tự như Kratos, nhưng anh ấy sử dụng cây cung ma thuật làm vũ khí của mình. Ngoài ra còn có nhiều loại kẻ thù và trùm nhỏ hơn so với trò chơi trước. Ban đầu được dự kiến ​​phát hành vào năm 2021, trò chơi đã bị trì hoãn một phần do vấn đề sức khỏe của nam diễn viên Kratos Christopher Judge vào tháng 8 năm 2019 và sau đó là tác động của đại dịch COVID-19 đối với quá trình phát triển.\r\n\r\nRagnarök đã nhận được sự hoan nghênh nhiệt liệt từ các nhà phê bình và được khen ngợi về cách kể chuyện, nhân vật, hình ảnh, thiết kế cấp độ, âm nhạc và những cải tiến tổng thể về lối chơi so với người tiền nhiệm. Nó đã giành giải Trò chơi của năm tại Giải thưởng Titanium và được đề cử cho giải thưởng tương tự tại The Game Awards 2022 , nơi nó giành giải Câu chuyện hay nhất, Hành động/Phiêu lưu hay nhất và Đổi mới trong Khả năng tiếp cận , cùng các giải thưởng và đề cử khác. Nó cũng đã giành giải Trò chơi phiêu lưu của năm tại Giải thưởng DICE hàng năm lần thứ 26 . Nó đã nhận được mười bốn đề cử hàng đầu tại Giải thưởng trò chơi của Viện Hàn lâm Anh lần thứ 19 , nhiều đề cử nhất cho bất kỳ trò chơi nào trong lịch sử của giải thưởng BAFTA.[2] Trò chơi đã thành công về mặt thương mại, bán được 5,1 triệu bản trong tuần đầu tiên, trở thành trò chơi của bên thứ nhất bán chạy nhất trong lịch sử PlayStation . Đến đầu tháng 2 năm 2023, 11 triệu bản trò chơi đã được bán.'),
(3, 10, 1, 'Marvel\'s Spider Man', '', '', '/uploads/products/spiderman.webp', 'Sau khi Người Nhện bắt được Wilson Fisk, một băng đảng đeo mặt nạ được gọi là Nội quỷ bắt đầu chiếm đoạt tài sản bất hợp pháp của Fisk. Mary Jane và Người Nhện biết được rằng Ác quỷ đang tìm kiếm thứ gọi là Hơi thở của Quỷ. Với sự trợ giúp của Sĩ quan Jefferson Davis, Người Nhện ngăn chặn một cuộc tấn công của Quỷ dữ. Davis được ca ngợi vì chủ nghĩa anh hùng của mình tại một sự kiện tái tranh cử cho Thị trưởng Norman Osborn. Ác ma tấn công sự kiện, giết chết Davis và nhiều người tham dự khác. Peter chứng kiến ​​​​Martin Li biến thành thủ lĩnh của họ, Mister Negative, nhưng bị đánh bất tỉnh trước khi anh ta có thể can thiệp. Sau vụ tấn công, Osborn thuê Silver Sablinova và Sable International để thay thế cảnh sát. Peter kết bạn với Miles, con trai của Davis và thuyết phục cậu ấy tham gia tình nguyện tại FEAST\r\n\r\nPeter và Otto Octavius ​​tiếp tục nghiên cứu về các chi giả tiên tiến, nhưng Osborn rút tiền tài trợ của họ nhằm buộc Octavius ​​làm việc cho tập đoàn lớn Oscorp của mình . Trong khi tìm kiếm Li, Người Nhện phát hiện ra rằng Hơi thở của Quỷ là một vũ khí sinh học độc hại, gây chết người do Oscorp vô tình tạo ra trong khi phát triển phương pháp chữa trị các bệnh di truyền. Li định vị và đánh cắp mẫu Hơi thở của Quỷ duy nhất và đe dọa sẽ giải phóng nó trừ khi Osborn đầu hàng anh ta. Mary Jane và Người Nhện ngăn chặn Li, người sau đó bị giam giữ tại một nhà tù an ninh tối đa gần đó có tên là Raft , trong khi Hơi thở của quỷ được bảo vệ.\r\n\r\nTrong khi đó, Octavius ​​​​ám ảnh về việc tạo ra các chi nâng cao vượt quá giới hạn của cơ thể con người, tạo ra bốn xúc tu cơ học hoạt động từ lưng và được điều khiển bằng tinh thần thông qua giao diện thần kinh. Anh ấy tiết lộ với Peter rằng anh ấy đang mắc bệnh thần kinh cơđiều đó chắc chắn sẽ khiến anh ta bất động và các chi được tăng cường sẽ cho phép anh ta tiếp tục công việc của mình khi cơ thể anh ta suy yếu. Peter cảnh báo Octavius ​​rằng giao diện có thể ảnh hưởng đến tâm trí và tính cách của anh ta. Octavius ​​​​tiếp tục bí mật sử dụng nó, vô cùng tức giận với Osborn. Trong khi điều tra một vụ đột nhập tại Raft, Người Nhện biết được rằng một số kẻ thù lớn nhất của mình—Li, Electro, Vulture, Rhino và Scorpion—đã trốn thoát. Họ khuất phục Người Nhện và giao anh ta cho Octavius, giờ là \"Bác sĩ Bạch tuộc\", người đã cảnh báo Người Nhện bị đánh đập không được can thiệp trước khi lấy lại Hơi thở của Quỷ và giải phóng nó ở Quảng trường Thời đại, gây ra một đợt bùng phát hàng loạt lây nhiễm cho nhiều người, bao gồm cả dì Có thể. New York rơi vào hỗn loạn trong khi đội của Octavius ​​tấn công thành phố. Osborn tuyên bố thiết quân luật và đổ lỗi cho Người Nhện về vụ việc,\r\n\r\nNgười Nhện dần dần chiếm lại thành phố, đánh bại Electro, Vulture, Rhino và Scorpion. Mary Jane thâm nhập vào căn hộ áp mái của Osborn và biết rằng Oscorp đã phát triển Hơi thở của quỷ để chữa khỏi bệnh nan y cho con trai Harry của Osborn. [32] Khi còn nhỏ, Li là đối tượng thử nghiệm để chữa bệnh, đạt được khả năng của mình trong một vụ nổ năng lượng cũng giết chết cha mẹ anh và khiến anh căm thù Osborn. Cô ấy cũng biết rằng có tồn tại một loại thuốc giải Hơi thở của quỷ và Li đã đánh cắp nó. Người Nhện theo dõi và đánh bại Li, nhưng Octavius ​​​​đến, tàn bạo Người Nhện và trốn thoát với thuốc giải độc và Osborn. Trong khi Người Nhện hồi phục, Miles bị cắn bởi một con nhện biến đổi gen Oscorp mà Mary Jane vô tình mang theo từ căn hộ áp mái của Osborn. [32]\r\n\r\nBị thương, Peter tự chế tạo cho mình một bộ giáp và đối đầu với Octavius ​​trên đỉnh Oscorp Tower, giải cứu Osborn. Octavius ​​tiết lộ rằng anh ta biết danh tính bí mật của Peter, và một trận chiến xảy ra. Người Nhện lấy thuốc giải và đánh bại Octavius, khiến anh ta bị bắt. Peter buộc phải lựa chọn giữa việc sử dụng phương pháp chữa trị hạn chế để cứu May khỏi cái chết sắp xảy ra với cô ấy hoặc tổng hợp một loại vắc-xin cho những người bị nhiễm bệnh; anh quyết định cứu mọi người. Trước khi chết, May tiết lộ rằng cô ấy biết anh ấy là Người Nhện và tự hào về anh ấy.\r\n\r\nBa tháng sau, New York đã trở lại bình thường, Peter và Mary Jane hàn gắn lại mối quan hệ của họ. Miles tiết lộ với Peter rằng anh ta đã có được sức mạnh giống như nhện, khiến Peter tiết lộ sức mạnh của chính mình. Sau khi từ chức thị trưởng trong sự ô nhục, Osborn bước vào một phòng thí nghiệm bí mật, nơi Harry bị giam giữ với một chất giống như mạng nhện màu đen. [c] Khi Osborn đặt tay lên chiếc xe tăng, chất này sẽ phản ứng và sao chép anh ta.', '', 'ps4', 'game', 1, 4, '2023-03-10 07:06:51', '2023-05-26 11:46:35', 0, 99, 30, 'released', 'JULY 7, 2018', 'spider-man', '', 'Marvel\'s Spider-Man là một trò chơi phiêu lưu hành động năm 2021 được remaster và phát triển bởi Insomniac Games và được xuất bản bởi Sony Interactive Entertainment', '', 'Marvel\'s Spider-Man [b] là một trò chơi phiêu lưu hành động năm 2018 được phát triển bởi Insomniac Games và được xuất bản bởi Sony Interactive Entertainment . Dựa trênnhân vật Người nhện của Marvel Comics , nó kể một câu chuyện nguyên bản lấy cảm hứng từ thần thoại truyện tranh dài tập, đồng thời rút ra từ nhiều bản chuyển thể khác nhau trên các phương tiện truyền thông khác . Trong câu chuyện chính, chúa tể tội phạm siêu phàm Mister Negative dàn dựng một âm mưu giành quyền kiểm soátthế giới ngầm tội phạm của thành phố New York . Khi Mister Phủ định đe dọa giải phóng một loại virus chết người, Người Nhệnphải đối đầu với anh ta và bảo vệ thành phố trong khi giải quyết các vấn đề cá nhân của nhân vật dân sự của anh ta, Peter Parker.\r\n\r\nTrò chơi được trình bày từ góc nhìn của người thứ ba với trọng tâm chính là khả năng di chuyển và chiến đấu của Người Nhện. Người Nhện có thể tự do di chuyển quanh Thành phố New York, tương tác với các nhân vật, thực hiện nhiệm vụ và mở khóa các tiện ích và bộ quần áo mới bằng cách tiến triển qua câu chuyện chính hoặc hoàn thành nhiệm vụ. Bên ngoài câu chuyện, người chơi có thể hoàn thành các nhiệm vụ phụ để mở khóa nội dung bổ sung và các vật phẩm sưu tầm được. Chiến đấu tập trung vào việc xâu chuỗi các cuộc tấn công lại với nhau, đồng thời sử dụng môi trường và mạng lưới để vô hiệu hóa nhiều kẻ thù trong khi tránh thiệt hại.'),
(4, 6, 1, 'Marvel\'s Spider Man Remaster', '', '', '/uploads/products/spiderman_re.webp', 'Sau khi Người Nhện bắt được Wilson Fisk, một băng đảng đeo mặt nạ được gọi là Nội quỷ bắt đầu chiếm đoạt tài sản bất hợp pháp của Fisk. Mary Jane và Người Nhện biết được rằng Ác quỷ đang tìm kiếm thứ gọi là Hơi thở của Quỷ. Với sự trợ giúp của Sĩ quan Jefferson Davis, Người Nhện ngăn chặn một cuộc tấn công của Quỷ dữ. Davis được ca ngợi vì chủ nghĩa anh hùng của mình tại một sự kiện tái tranh cử cho Thị trưởng Norman Osborn. Ác ma tấn công sự kiện, giết chết Davis và nhiều người tham dự khác. Peter chứng kiến ​​​​Martin Li biến thành thủ lĩnh của họ, Mister Negative, nhưng bị đánh bất tỉnh trước khi anh ta có thể can thiệp. Sau vụ tấn công, Osborn thuê Silver Sablinova và Sable International để thay thế cảnh sát. Peter kết bạn với Miles, con trai của Davis và thuyết phục cậu ấy tham gia tình nguyện tại FEAST\r\n\r\nPeter và Otto Octavius ​​tiếp tục nghiên cứu về các chi giả tiên tiến, nhưng Osborn rút tiền tài trợ của họ nhằm buộc Octavius ​​làm việc cho tập đoàn lớn Oscorp của mình . Trong khi tìm kiếm Li, Người Nhện phát hiện ra rằng Hơi thở của Quỷ là một vũ khí sinh học độc hại, gây chết người do Oscorp vô tình tạo ra trong khi phát triển phương pháp chữa trị các bệnh di truyền. Li định vị và đánh cắp mẫu Hơi thở của Quỷ duy nhất và đe dọa sẽ giải phóng nó trừ khi Osborn đầu hàng anh ta. Mary Jane và Người Nhện ngăn chặn Li, người sau đó bị giam giữ tại một nhà tù an ninh tối đa gần đó có tên là Raft , trong khi Hơi thở của quỷ được bảo vệ.\r\n\r\nTrong khi đó, Octavius ​​​​ám ảnh về việc tạo ra các chi nâng cao vượt quá giới hạn của cơ thể con người, tạo ra bốn xúc tu cơ học hoạt động từ lưng và được điều khiển bằng tinh thần thông qua giao diện thần kinh. Anh ấy tiết lộ với Peter rằng anh ấy đang mắc bệnh thần kinh cơđiều đó chắc chắn sẽ khiến anh ta bất động và các chi được tăng cường sẽ cho phép anh ta tiếp tục công việc của mình khi cơ thể anh ta suy yếu. Peter cảnh báo Octavius ​​rằng giao diện có thể ảnh hưởng đến tâm trí và tính cách của anh ta. Octavius ​​​​tiếp tục bí mật sử dụng nó, vô cùng tức giận với Osborn. Trong khi điều tra một vụ đột nhập tại Raft, Người Nhện biết được rằng một số kẻ thù lớn nhất của mình—Li, Electro, Vulture, Rhino và Scorpion—đã trốn thoát. Họ khuất phục Người Nhện và giao anh ta cho Octavius, giờ là \"Bác sĩ Bạch tuộc\", người đã cảnh báo Người Nhện bị đánh đập không được can thiệp trước khi lấy lại Hơi thở của Quỷ và giải phóng nó ở Quảng trường Thời đại, gây ra một đợt bùng phát hàng loạt lây nhiễm cho nhiều người, bao gồm cả dì Có thể. New York rơi vào hỗn loạn trong khi đội của Octavius ​​tấn công thành phố. Osborn tuyên bố thiết quân luật và đổ lỗi cho Người Nhện về vụ việc,\r\n\r\nNgười Nhện dần dần chiếm lại thành phố, đánh bại Electro, Vulture, Rhino và Scorpion. Mary Jane thâm nhập vào căn hộ áp mái của Osborn và biết rằng Oscorp đã phát triển Hơi thở của quỷ để chữa khỏi bệnh nan y cho con trai Harry của Osborn. [32] Khi còn nhỏ, Li là đối tượng thử nghiệm để chữa bệnh, đạt được khả năng của mình trong một vụ nổ năng lượng cũng giết chết cha mẹ anh và khiến anh căm thù Osborn. Cô ấy cũng biết rằng có tồn tại một loại thuốc giải Hơi thở của quỷ và Li đã đánh cắp nó. Người Nhện theo dõi và đánh bại Li, nhưng Octavius ​​​​đến, tàn bạo Người Nhện và trốn thoát với thuốc giải độc và Osborn. Trong khi Người Nhện hồi phục, Miles bị cắn bởi một con nhện biến đổi gen Oscorp mà Mary Jane vô tình mang theo từ căn hộ áp mái của Osborn. [32]\r\n\r\nBị thương, Peter tự chế tạo cho mình một bộ giáp và đối đầu với Octavius ​​trên đỉnh Oscorp Tower, giải cứu Osborn. Octavius ​​tiết lộ rằng anh ta biết danh tính bí mật của Peter, và một trận chiến xảy ra. Người Nhện lấy thuốc giải và đánh bại Octavius, khiến anh ta bị bắt. Peter buộc phải lựa chọn giữa việc sử dụng phương pháp chữa trị hạn chế để cứu May khỏi cái chết sắp xảy ra với cô ấy hoặc tổng hợp một loại vắc-xin cho những người bị nhiễm bệnh; anh quyết định cứu mọi người. Trước khi chết, May tiết lộ rằng cô ấy biết anh ấy là Người Nhện và tự hào về anh ấy.\r\n\r\nBa tháng sau, New York đã trở lại bình thường, Peter và Mary Jane hàn gắn lại mối quan hệ của họ. Miles tiết lộ với Peter rằng anh ta đã có được sức mạnh giống như nhện, khiến Peter tiết lộ sức mạnh của chính mình. Sau khi từ chức thị trưởng trong sự ô nhục, Osborn bước vào một phòng thí nghiệm bí mật, nơi Harry bị giam giữ với một chất giống như mạng nhện màu đen. [c] Khi Osborn đặt tay lên chiếc xe tăng, chất này sẽ phản ứng và sao chép anh ta.', '', 'ps5', 'game', 1, 4, '2023-03-10 07:06:51', '2023-04-22 08:01:36', 0, 100, 70, 'released', 'NOVEMBER 12, 2020', 'spider-man-remaster', '', 'Marvel\'s Spider-Man là một trò chơi phiêu lưu hành động năm 2018 được phát triển bởi Insomniac Games và được xuất bản bởi Sony Interactive Entertainment', '', 'Marvel\'s Spider-Man [b] là một trò chơi phiêu lưu hành động năm 2018 được phát triển bởi Insomniac Games và được xuất bản bởi Sony Interactive Entertainment . Dựa trênnhân vật Người nhện của Marvel Comics , nó kể một câu chuyện nguyên bản lấy cảm hứng từ thần thoại truyện tranh dài tập, đồng thời rút ra từ nhiều bản chuyển thể khác nhau trên các phương tiện truyền thông khác . Trong câu chuyện chính, chúa tể tội phạm siêu phàm Mister Negative dàn dựng một âm mưu giành quyền kiểm soátthế giới ngầm tội phạm của thành phố New York . Khi Mister Phủ định đe dọa giải phóng một loại virus chết người, Người Nhệnphải đối đầu với anh ta và bảo vệ thành phố trong khi giải quyết các vấn đề cá nhân của nhân vật dân sự của anh ta, Peter Parker.\r\n\r\nTrò chơi được trình bày từ góc nhìn của người thứ ba với trọng tâm chính là khả năng di chuyển và chiến đấu của Người Nhện. Người Nhện có thể tự do di chuyển quanh Thành phố New York, tương tác với các nhân vật, thực hiện nhiệm vụ và mở khóa các tiện ích và bộ quần áo mới bằng cách tiến triển qua câu chuyện chính hoặc hoàn thành nhiệm vụ. Bên ngoài câu chuyện, người chơi có thể hoàn thành các nhiệm vụ phụ để mở khóa nội dung bổ sung và các vật phẩm sưu tầm được. Chiến đấu tập trung vào việc xâu chuỗi các cuộc tấn công lại với nhau, đồng thời sử dụng môi trường và mạng lưới để vô hiệu hóa nhiều kẻ thù trong khi tránh thiệt hại.'),
(5, 6, 1, 'Marvel\'s Spider-Man: Miles Morales', '', '', '/uploads/products/spiderman_miles.webp', 'Sau hơn một năm huấn luyện dưới sự hướng dẫn của Peter Parker , Miles Morales đã thành thạo các khả năng giống người nhện của mình và tự khẳng định mình là đối tác chống tội phạm ban đầu của Người Nhện, mặc dù anh ấy vẫn gặp khó khăn trong việc thích nghi với vai trò mới của mình. Trong khi hộ tống một đoàn xe cảnh sát chở tù nhân đến Raft đã được xây dựng lại , Miles đã vô tình giải thoát cho Rhino , kẻ đang tàn phá khắp thành phố. Trong khi Miles ngăn chặn những kẻ trốn thoát khác, Peter đấu tranh chống lại Rhino, kẻ cuối cùng đã chế ngự được anh ta. Trước khi Rhino có thể giết Peter, Miles đã can thiệp và đánh bại anh ta bằng khả năng điện sinh học mới, sau này được gọi là \"Sức mạnh nọc độc\". Để Rhino cho Roxxon giam giữ, Peter thông báo với Miles rằng anh sẽ hỗ trợ bạn gái của mình,Phóng viên Mary Jane Watson của Daily Bugle , với nhiệm vụ của cô ấy ở Symkaria trong vài tuần với tư cách là nhiếp ảnh gia của cô ấy, và giao cho anh ấy trông coi thành phố khi anh ấy vắng mặt, bất chấp sự thiếu tự tin của Miles do đã gây rối trước đó.\r\n\r\nTrong khi điều tra vụ đột nhập tại Roxxon Plaza, Miles đụng độ với một nhóm có tên là Underground, những kẻ có tư thù chống lại công ty. Trở về nhà đón Giáng sinh cùng mẹ Rio và người bạn Ganke Lee , Miles ngạc nhiên khi biết Rio đã mời Phin Mason, người mà anh đã không nói chuyện hơn một năm. Ngày hôm sau, Ganke tạo một ứng dụng Người Nhện để người dân có thể gọi trực tiếp cho Miles để được giúp đỡ. Chú của Miles, Aaron Davis, là người đầu tiên sử dụng nó và tiết lộ kiến ​​​​thức của mình về danh tính của cháu trai mình. Miles tham dự một trong những cuộc tập hợp chiến dịch của Rio, nhưng chứng kiến ​​cảnh Tàu ngầm tấn công những người bảo vệ Roxxon có mặt và cố gắng ngăn chặn xung đột trước khi nó leo thang. Anh ta phát hiện ra rằng Thế giới ngầm đang tìm kiếm nguồn năng lượng thử nghiệm của Roxxon, Nuform, và Phin là thủ lĩnh của họ, Tinkerer . Sau khi điều tra thêm, Miles biết rằng Phin muốn trả thù cho cái chết của anh trai cô, Rick Mason. Sau này bị đầu độc bởi các đặc tính độc hại của Nuform và bị giết bởi Simon Krieger sau khi cố gắng phá hoại dự án. Với sự hỗ trợ từ Aaron, người mà anh biết được là lính đánh thuê được biết đến với cái tên Prowler, Miles phát hiện ra kế hoạch hủy hoại Roxxon của Phin bằng cách phá hủy quảng trường của họ bằng Nuform để làm nổi bật những tác dụng phụ nguy hiểm của nó, điều mà Krieger đã che đậy.\r\n\r\nSau khi phản bội lòng tin của Phin để thu thập thông tin về Thế giới ngầm, Miles buộc phải tiết lộ danh tính của mình cho cô ấy, khiến tình bạn của họ trở nên xấu đi. Miles cố gắng làm hòa với Phin, nhưng Roxxon đã bắt cóc họ với sự trợ giúp của Rhino cường hóa. Miles và Phin trốn thoát, nhưng Miles biết rằng Aaron đã theo dõi anh ta vì Roxxon và Krieger đã sửa đổi lò phản ứng Nuform của quảng trường để tiêu diệt Harlem nếu kế hoạch của Phin thành công. Phin và Miles chiến đấu với Rhino cường hóa, kẻ đã chế nhạo Phin về cái chết của Rick. Cô ấy gần như giết chết anh ta, nhưng Miles đã can thiệp, và cả hai đánh nhau trước khi Phin đánh gục Miles và trốn thoát. Ganke đưa Miles bị thương về nhà, nơi Rio phát hiện ra danh tính của con trai cô và tiếp tục hỗ trợ anh ta. Sau khi hồi phục, Miles cố gắng ngăn Phin lại. Tuy nhiên, anh ta bị bắt bởi Aaron,Jefferson Davis , người mà anh ấy không thể hòa giải trước khi chết, dẫn đến việc anh ấy bảo vệ Miles quá mức. Miles trốn thoát và đánh bại chú của mình, giải thích rằng anh ta không thể quay lưng lại với mọi người khi họ cần anh ta.\r\n\r\nTrong khi Tàu điện ngầm và Roxxon chiến đấu trên đường phố và Phin thực hiện kế hoạch của mình, Aaron, được truyền cảm hứng từ lời nói của cháu trai mình, đã giúp Rio sơ tán khỏi Harlem, tạo cơ hội cho Miles đối đầu với Phin và ngăn chặn lò phản ứng Nuform trước khi nó nghiêm trọng. Không thể lý luận với cô ấy, Miles chiến đấu với Phin trước khi cố gắng hấp thụ Nuform để vô hiệu hóa vụ nổ. Tuy nhiên, có quá nhiều năng lượng và Miles không thể chứa nó, từ từ giết chết anh ta. Để cứu thành phố và nhận ra sai lầm trong cách làm của mình, Phin đã hy sinh bản thân bằng cách bay Miles đến một khoảng cách an toàn phía trên thành phố để anh ta có thể giải phóng năng lượng trước khi nó giết chết anh ta. Miles lao thẳng xuống đất, tiết lộ danh tính của mình cho một số ít công dân mà anh ấy đã giúp đỡ với tư cách là Người Nhện, những người hứa sẽ giữ bí mật về anh ấy và ca ngợi anh ấy như một anh hùng. Bốn tuần sau, Roxxon đã bị xử lý nhiều vụ kiện, và Krieger đã bị bắt sau khi Aaron tự ra đầu thú và làm chứng chống lại họ. Peter trở về từ Symkaria và ca ngợi Miles vì ​​sự trưởng thành và chủ nghĩa anh hùng của anh ấy trước khi họ cùng nhau chống lại tội phạm.\r\n\r\nTrong một cảnh giữa các khoản tín dụng, Giám đốc điều hành Oscorp và cựu Thị trưởng New York Norman Osborn ra lệnh cho Tiến sĩ Curt Connors miễn cưỡng thả cậu con trai bị bệnh nan y Harry khỏi tình trạng bế tắc mặc dù tình trạng của cậu không ổn định. Trong một cảnh post-credit, Miles để lại giải thưởng mà anh đã giành được cùng với Phin trên đỉnh Nhà thờ Trinity để tưởng nhớ cô.\r\n\r\nCác sự kiện sau khi câu chuyện chính kết thúc với việc Miles được mẹ anh cho tham gia một cuộc săn lùng người nhặt rác khắp Manhattan để tìm những tấm bưu thiếp chứa tin nhắn thoại của người cha quá cố của anh, Jefferson trong mỗi ổ USB. Cuộc săn xác thối cuối cùng kết thúc tại sân bóng rổ ngoài trời của Harlem, nơi Miles nhớ lại quãng thời gian chơi bóng rổ với cha mẹ và chú Aaron, bao gồm cả Phin trong quãng thời gian học cấp hai.', '', 'ps5', 'game', 1, 4, '2023-03-10 07:13:16', '2023-04-22 08:02:03', 0, 100, 70, 'released', 'NOVEMBER 12, 2020', 'spider-man-miles', '', 'Marvel\'s Spider-Man: Miles Morales là một trò chơi video phiêu lưu hành động năm 2020 được phát triển bởi Insomniac Games và được xuất bản bởi Sony Interactive Entertainment . Dựa trênnhân vật Marvel Comics Miles Morales , nó được lấy cảm hứng từ cả thần thoại truyện tranh kéo dài hàng thập kỷ của nhân vật này và bộ phim hoạt hình năm 2018 Spider-Man: Into the Spider-Verse , đã giúp anh ấy nổi tiếng. Trò chơi là phần tiếp theo của Marvel\'s Spider-Man (2018) và là phần thứ hai trong Insomniac\'s Spider-Manloạt. Câu chuyện tập trung vào cuộc đấu tranh của Miles để cân bằng giữa nhiệm vụ của nhân vật dân sự và vai trò Người Nhện thứ hai khi ngôi nhà mới của anh, Harlem , bị đe dọa bởi cuộc chiến giữa Tập đoàn Năng lượng Roxxon và đội quân tội phạm công nghệ cao có tên là Dưới lòng đất, được dẫn dắt bởi Tinkerer bí ẩn .', '', 'Marvel\'s Spider-Man: Miles Morales là một trò chơi video phiêu lưu hành động năm 2020 được phát triển bởi Insomniac Games và được xuất bản bởi Sony Interactive Entertainment . Dựa trênnhân vật Marvel Comics Miles Morales , nó được lấy cảm hứng từ cả thần thoại truyện tranh kéo dài hàng thập kỷ của nhân vật này và bộ phim hoạt hình năm 2018 Spider-Man: Into the Spider-Verse , đã giúp anh ấy nổi tiếng. Trò chơi là phần tiếp theo của Marvel\'s Spider-Man (2018) và là phần thứ hai trong Insomniac\'s Spider-Manloạt. Câu chuyện tập trung vào cuộc đấu tranh của Miles để cân bằng giữa nhiệm vụ của nhân vật dân sự và vai trò Người Nhện thứ hai khi ngôi nhà mới của anh, Harlem , bị đe dọa bởi cuộc chiến giữa Tập đoàn Năng lượng Roxxon và đội quân tội phạm công nghệ cao có tên là Dưới lòng đất, được dẫn dắt bởi Tinkerer bí ẩn .\r\n\r\nTrò chơi được trình bày từ góc nhìn của người thứ ba với trọng tâm chính là khả năng di chuyển và chiến đấu của Miles. Miles có thể tự do di chuyển quanh Thành phố New York, tương tác với các nhân vật, thực hiện nhiệm vụ và mở khóa các tiện ích và bộ quần áo mới bằng cách tiến triển qua câu chuyện chính hoặc hoàn thành nhiệm vụ. Bên ngoài câu chuyện, người chơi có thể hoàn thành các nhiệm vụ phụ để mở khóa nội dung bổ sung và các vật phẩm sưu tầm được. Chiến đấu tập trung vào việc xâu chuỗi các cuộc tấn công lại với nhau, đồng thời sử dụng môi trường và mạng lưới để vô hiệu hóa nhiều kẻ thù trong khi tránh thiệt hại.\r\n\r\nĐược công bố tại sự kiện ra mắt PlayStation 5 vào tháng 6 năm 2020, trò chơi được phát hành dưới dạng tựa đề ra mắt cho bảng điều khiển mới vào ngày 12 tháng 11 năm 2020 ở Bắc Mỹ và Úc và ngày 19 tháng 11 trên toàn thế giới. Phiên bản PlayStation 4 được phát hành cùng ngày, thiếu một số tính năng nâng cao của phiên bản thế hệ tiếp theo như dò tia hoặc chế độ hiệu suất 60 FPS do các hạn chế kỹ thuật của bảng điều khiển. Phiên bản Windows được phát hành vào ngày 18 tháng 11 năm 2022. Trò chơi đã nhận được nhiều lời khen ngợi về những cải tiến về chiến đấu, tường thuật, nội dung và kỹ thuật của phiên bản PlayStation 5. Nó đã bán được hơn 6,5 triệu chiếc tính đến tháng 7 năm 2021.'),
(6, 10, 1, 'Bloodborne', '', '', '/uploads/products/bloodborne.jpg', 'Khi bắt đầu trò chơi, người chơi tạo nhân vật của họ, Thợ săn. Người chơi xác định các chi tiết cơ bản của Thợ săn; giới tính, kiểu tóc, tên, màu da, hình dáng cơ thể, giọng nói và màu mắt là một số tùy chọn mà người chơi có thể tùy chỉnh. Người chơi cũng chọn một lớp bắt đầu, được gọi là \"Origin\", lớp này cung cấp cốt truyện cơ bản cho Thợ săn và đặt các thuộc tính bắt đầu của người chơi. Nguồn gốc, trong khi mô tả quá khứ của nhân vật người chơi, không có bất kỳ ảnh hưởng nào đến lối chơi ngoài việc thay đổi chỉ số bắt đầu. [4] [5] Một cách khác để người chơi xác định Thợ săn của họ là chọn họ là thành viên của hội anh em nào. Những xã hội tôn giáo này, được gọi là \"Giao ước\", mỗi xã hội có quan điểm riêng về thế giới Yharnam. [6] [7]\r\n\r\nNgười chơi có thể quay trở lại vùng an toàn, được gọi là \"Giấc mơ của thợ săn\", bằng cách tương tác với những chiếc đèn lồng trải khắp thế giới Yharnam. Làm như vậy sẽ bổ sung sức khỏe, nhưng sẽ hồi sinh tất cả kẻ thù trong thế giới trò chơi, ngoại trừ trùm và trùm nhỏ. Đèn lồng cũng đóng vai trò là điểm kiểm tra của trò chơi; người chơi sẽ quay lại chiếc đèn lồng được kích hoạt cuối cùng khi họ chết. Được định vị tách biệt với Yharnam, Hunter\'s Dream cung cấp một số tính năng cơ bản của trò chơi cho người chơi. Người chơi có thể mua các vật phẩm hữu ích, chẳng hạn như vũ khí, quần áo và vật phẩm tiêu hao, từ Sứ giả bằng cách sử dụng Blood Echoes hoặc Insight, tăng cấp cho nhân vật của họ bằng cách nói chuyện với Hình nhân hoặc nâng cấp vũ khí của họ trong xưởng, cùng những thứ khác. Không giống như Yharnam và tất cả các địa điểm khác trong trò chơi, Thợ săn\' s Dream được coi là hoàn toàn an toàn vì đây là địa điểm duy nhất trong trò chơi không có kẻ thù. Tuy nhiên, hai trận đấu trùm cuối cùng của trò chơi diễn ra trong Giấc mơ của Thợ săn, mặc dù cả hai đều là tùy chọn đối với người chơi.[8] [9] [10]\r\n\r\nThế giới Yharnam của Bloodborne là một bản đồ rộng lớn với đầy đủ các khu vực kết nối với nhau. Một số khu vực của Yharnam không được kết nối với các địa điểm chính và yêu cầu người chơi dịch chuyển tức thời đến đó thông qua các bia mộ trong Giấc mơ của Thợ săn. Người chơi có thể được cung cấp nhiều tùy chọn khi đi qua các địa điểm, nhưng thông thường, có con đường chính mà người chơi sử dụng để đi qua câu chuyện. Khi đi qua con đường chính, người chơi sẽ bắt gặp những con đường khác nhau dẫn đến các địa điểm hoàn toàn khác nhau tùy chọn. Mỗi con đường cuối cùng dẫn trở lại khu vực trung tâm mà người chơi đã bắt đầu; điều này cung cấp cho người chơi các phím tắt, hữu ích khi họ chết hoặc cần quay lại. ', '', 'ps4', 'game', 1, 5, '2023-03-10 07:13:16', '2023-05-25 08:15:17', 0, 99, 30, 'released', 'MARCH 24, 2015', 'blood-borne', '', 'Bloodborne [b] là một trò chơi nhập vai hành động năm 2015 được phát triển bởi FromSoftware và được Sony Computer Entertainment phát hành cho PlayStation 4 . Bloodborne theo chân nhân vật của người chơi , một Thợ săn, xuyên quathành phố Yharnam mang phong cách kiến ​​trúc Gothic đổ nát , lấy cảm hứng từ thời Victoria , nơi cư dân của họ mắc một căn bệnh truyền qua máu khiến cư dân, được gọi là Yharnamites, trở thành những con thú kinh hoàng. Cố gắng tìm ra nguồn gốc của bệnh dịch hạch, nhân vật của người chơi làm sáng tỏ những bí ẩn của thành phố trong khi chiến đấu với quái thú và các sinh vật vũ trụ.', '', 'Bloodborne [b] là một trò chơi nhập vai hành động năm 2015 được phát triển bởi FromSoftware và được Sony Computer Entertainment phát hành cho PlayStation 4 . Bloodborne theo chân nhân vật của người chơi , một Thợ săn, xuyên quathành phố Yharnam mang phong cách kiến ​​trúc Gothic đổ nát , lấy cảm hứng từ thời Victoria , nơi cư dân của họ mắc một căn bệnh truyền qua máu khiến cư dân, được gọi là Yharnamites, trở thành những con thú kinh hoàng. Cố gắng tìm ra nguồn gốc của bệnh dịch hạch, nhân vật của người chơi làm sáng tỏ những bí ẩn của thành phố trong khi chiến đấu với quái thú và các sinh vật vũ trụ.\r\n\r\nTrò chơi được chơi từ góc nhìn của người thứ ba . Người chơi điều khiển một nhân vật chính có thể tùy chỉnh và lối chơi tập trung vào chiến đấu và khám phá dựa trên vũ khí chiến lược. Người chơi chiến đấu với nhiều kẻ thù khác nhau trong khi sử dụng các vật phẩm như vũ khí lừa và súng cầm tay, khám phá các địa điểm khác nhau, tương tác với các nhân vật không phải người chơi và làm sáng tỏ những bí ẩn của thành phố. Bloodborne bắt đầu được phát triển vào năm 2012 với tựa đề Project Beast . Mang nhiều nét tương đồng với series Dark Souls của FromSoftware , Bloodborne lấy cảm hứng từ các tác phẩm văn học của tác giả HP Lovecraft và Bram Stokervà thiết kế kiến ​​trúc của các địa điểm trong thế giới thực ở các quốc gia như Romania , Cộng hòa Séc và Scotland .\r\n\r\nBloodborne được phát hành vào tháng 3 năm 2015 và nhận được nhiều lời khen ngợi từ giới phê bình, với những lời khen ngợi dành cho lối chơi, đặc biệt là độ khó cao, bầu không khí, thiết kế âm thanh , chủ đề Lovecraftian và thiết kế thế giới kết nối với nhau. Một số lời chỉ trích nhắm vào hiệu suất kỹ thuật của nó khi ra mắt, hiệu suất này đã được cải thiện với các bản cập nhật sau khi phát hành. Bản mở rộng bổ sung thêm nội dung, The Old Hunters , được phát hành vào tháng 11 năm 2015. Đến cuối năm 2015, trò chơi đã bán được hơn hai triệu bản trên toàn thế giới. Bloodborne đã giành được một số giải thưởng và được coi là một kiệt tác, đồng thời được coi là một trong những trò chơi điện tử hay nhất từng được tạo ra. Một số phương tiện truyền thông và chuyển thể có liên quan cũng đã được phát hành, bao gồm trò chơi bài , trò chơi trên bàn cờ và bộ truyện tranh .'),
(7, 10, 1, 'The Last Of Us Remaster', '', '', '/uploads/products/tlouremaster.jpg', 'Hai mươi năm sau khi mất con gái Sarah trong sự bùng nổ của loại nấm Cordyceps đột biến ,Joelđược giao nhiệm vụ hộ tốngEllie, một cô gái tuổi teen miễn nhiễm với căn bệnh này, vượt qua thờikỳ hậu tận thế.Hoa Kỳ để nhóm cách mạng Đom đóm có khả năng tạo ra thuốc chữa bệnh. Trong suốt cuộc hành trình của họ, cả hai trở nên thân thiết hơn sau khi trải qua một số sự kiện đau buồn. Sau khi đến Thành phố Salt Lake, Ellie chuẩn bị cho cuộc phẫu thuật, điều này sẽ liên quan đến việc giết chết cô ấy. Không muốn để cô ấy chết, Joel tìm đường đến phòng phẫu thuật, giết chết bác sĩ phẫu thuật chính và đưa Ellie bất tỉnh đến nơi an toàn. Khi Ellie tỉnh dậy, Joel nói dối cô ấy, nói rằng nỗ lực tạo ra phương pháp chữa trị đã thất bại.', '', 'ps4', 'game', 1, 5, '2023-03-10 07:42:56', '2023-04-22 08:02:50', 0, 100, 25, 'released', 'JYLY 29, 2014', 'the-last-of-us', '', 'The Last of Us là một thương hiệu trò chơi kinh dị sinh tồn phiêu lưu hành động được tạo bởi Naughty Dog và Sony Interactive Entertainment . [a] Bộ phim lấy bối cảnh ởHoa Kỳ hậu tận thế bị tàn phá bởi những sinh vật ăn thịt đồng loại bị nhiễm một loại nấm đột biến thuộc chi Cordyceps . Nó theo chân một số người sống sót, bao gồm Joel , một kẻ buôn lậu đã mất con gái trong đợt bùng phát dịch bệnh; Ellie , một cô gái trẻ miễn nhiễm với bệnh nhiễm trùng; và Abby, một người lính ở Seattle tham gia vào cuộc xung đột giữa lực lượng dân quân của cô và một giáo phái tôn giáo. Trò chơi sử dụng góc nhìn của người thứ ba, trong đó người chơi chiến đấu chống lại những con người thù địch và những sinh vật ăn thịt người bằng súng cầm tay, vũ khí tự chế và khả năng tàng hình .', '', 'The Last of Us là một thương hiệu trò chơi kinh dị sinh tồn phiêu lưu hành động được tạo bởi Naughty Dog và Sony Interactive Entertainment . [a] Bộ phim lấy bối cảnh ởHoa Kỳ hậu tận thế bị tàn phá bởi những sinh vật ăn thịt đồng loại bị nhiễm một loại nấm đột biến thuộc chi Cordyceps . Nó theo chân một số người sống sót, bao gồm Joel , một kẻ buôn lậu đã mất con gái trong đợt bùng phát dịch bệnh; Ellie , một cô gái trẻ miễn nhiễm với bệnh nhiễm trùng; và Abby, một người lính ở Seattle tham gia vào cuộc xung đột giữa lực lượng dân quân của cô và một giáo phái tôn giáo. Trò chơi sử dụng góc nhìn của người thứ ba, trong đó người chơi chiến đấu chống lại những con người thù địch và những sinh vật ăn thịt người bằng súng cầm tay, vũ khí tự chế và khả năng tàng hình .\r\n\r\nGiám đốc trò chơi Bruce Straley và giám đốc sáng tạo Neil Druckmann đã lãnh đạo quá trình phát triển trò chơi đầu tiên , The Last of Us , được phát hành cho PlayStation 3 vào tháng 6 năm 2013. Nội dung bổ sung có thể tải xuống , The Last of Us: Left Behind , được phát hành vào tháng 2 năm 2014 và đi theo Ellie và người bạn thân nhất của cô ấy là Riley. Phiên bản làm lại , The Last of Us Remastered , được phát hành cho PlayStation 4 vào tháng 7 năm 2014. [b] Druckmann tiếp tục chỉ đạo quá trình phát triển phần tiếp theo, The Last of Us Part II, được phát hành cho PlayStation 4 vào tháng 6 năm 2020. Bản làm lại của trò chơi đầu tiên, có tên The Last of Us Part I , được phát hành cho PlayStation 5 vào tháng 9 năm 2022 và dự kiến ​​phát hành cho Windows vào tháng 3 năm 2023. Một trò chơi nhiều người chơi không có tiêu đề đang trong quá trình phát triển.\r\n\r\nBộ truyện đã nhận được sự hoan nghênh của giới phê bình và đã giành được nhiều giải thưởng, bao gồm một số giải thưởng Trò chơi của năm ; trò chơi đầu tiên đã được coi là một trong những trò chơi điện tử hay nhất từng được tạo ra và trò chơi thứ hai đã giành được hơn 320 giải thưởng Trò chơi của năm . Các trò chơi trong sê-ri nằm trong số các trò chơi PlayStation 3 và PlayStation 4 bán chạy nhất . Tính đến tháng 1 năm 2023, nhượng quyền thương mại đã bán được hơn 37 triệu trò chơi trên toàn thế giới. Doanh số bán hàng và sự ủng hộ mạnh mẽ của bộ truyện đã dẫn đến việc nhượng quyền thương mại được mở rộng sang các phương tiện truyền thông khác, bao gồm truyện tranh vào năm 2013, chương trình trực tiếp vào năm 2014, bản chuyển thể truyền hình của HBO vào năm 2023, trò chơi trên bàncủa Themeborne vào năm 2023 và một trò chơi trên máy tính bảng sắp ra mắt của CMON .'),
(8, 6, 1, 'The Last Of Us Part 1', '', '', '/uploads/products/tlou_part1.webp', 'Hai mươi năm sau khi mất con gái Sarah trong sự bùng nổ của loại nấm Cordyceps đột biến ,Joelđược giao nhiệm vụ hộ tốngEllie, một cô gái tuổi teen miễn nhiễm với căn bệnh này, vượt qua thờikỳ hậu tận thế.Hoa Kỳ để nhóm cách mạng Đom đóm có khả năng tạo ra thuốc chữa bệnh. Trong suốt cuộc hành trình của họ, cả hai trở nên thân thiết hơn sau khi trải qua một số sự kiện đau buồn. Sau khi đến Thành phố Salt Lake, Ellie chuẩn bị cho cuộc phẫu thuật, điều này sẽ liên quan đến việc giết chết cô ấy. Không muốn để cô ấy chết, Joel tìm đường đến phòng phẫu thuật, giết chết bác sĩ phẫu thuật chính và đưa Ellie bất tỉnh đến nơi an toàn. Khi Ellie tỉnh dậy, Joel nói dối cô ấy, nói rằng nỗ lực tạo ra phương pháp chữa trị đã thất bại.', '', 'ps5', 'game', 1, 5, '2023-03-10 07:42:56', '2023-05-22 11:14:57', 0, 99, 70, 'released', 'SEPTEMBER 2, 2022', 'the-last-of-us-part-1', '', 'The Last of Us là một thương hiệu trò chơi kinh dị sinh tồn phiêu lưu hành động được tạo bởi Naughty Dog và Sony Interactive Entertainment . [a] Bộ phim lấy bối cảnh ởHoa Kỳ hậu tận thế bị tàn phá bởi những sinh vật ăn thịt đồng loại bị nhiễm một loại nấm đột biến thuộc chi Cordyceps . Nó theo chân một số người sống sót, bao gồm Joel , một kẻ buôn lậu đã mất con gái trong đợt bùng phát dịch bệnh; Ellie , một cô gái trẻ miễn nhiễm với bệnh nhiễm trùng; và Abby, một người lính ở Seattle tham gia vào cuộc xung đột giữa lực lượng dân quân của cô và một giáo phái tôn giáo. Trò chơi sử dụng góc nhìn của người thứ ba, trong đó người chơi chiến đấu chống lại những con người thù địch và những sinh vật ăn thịt người bằng súng cầm tay, vũ khí tự chế và khả năng tàng hình .', '', 'The Last of Us là một thương hiệu trò chơi kinh dị sinh tồn phiêu lưu hành động được tạo bởi Naughty Dog và Sony Interactive Entertainment . [a] Bộ phim lấy bối cảnh ởHoa Kỳ hậu tận thế bị tàn phá bởi những sinh vật ăn thịt đồng loại bị nhiễm một loại nấm đột biến thuộc chi Cordyceps . Nó theo chân một số người sống sót, bao gồm Joel , một kẻ buôn lậu đã mất con gái trong đợt bùng phát dịch bệnh; Ellie , một cô gái trẻ miễn nhiễm với bệnh nhiễm trùng; và Abby, một người lính ở Seattle tham gia vào cuộc xung đột giữa lực lượng dân quân của cô và một giáo phái tôn giáo. Trò chơi sử dụng góc nhìn của người thứ ba, trong đó người chơi chiến đấu chống lại những con người thù địch và những sinh vật ăn thịt người bằng súng cầm tay, vũ khí tự chế và khả năng tàng hình .\r\n\r\nGiám đốc trò chơi Bruce Straley và giám đốc sáng tạo Neil Druckmann đã lãnh đạo quá trình phát triển trò chơi đầu tiên , The Last of Us , được phát hành cho PlayStation 3 vào tháng 6 năm 2013. Nội dung bổ sung có thể tải xuống , The Last of Us: Left Behind , được phát hành vào tháng 2 năm 2014 và đi theo Ellie và người bạn thân nhất của cô ấy là Riley. Phiên bản làm lại , The Last of Us Remastered , được phát hành cho PlayStation 4 vào tháng 7 năm 2014. [b] Druckmann tiếp tục chỉ đạo quá trình phát triển phần tiếp theo, The Last of Us Part II, được phát hành cho PlayStation 4 vào tháng 6 năm 2020. Bản làm lại của trò chơi đầu tiên, có tên The Last of Us Part I , được phát hành cho PlayStation 5 vào tháng 9 năm 2022 và dự kiến ​​phát hành cho Windows vào tháng 3 năm 2023. Một trò chơi nhiều người chơi không có tiêu đề đang trong quá trình phát triển.\r\n\r\nBộ truyện đã nhận được sự hoan nghênh của giới phê bình và đã giành được nhiều giải thưởng, bao gồm một số giải thưởng Trò chơi của năm ; trò chơi đầu tiên đã được coi là một trong những trò chơi điện tử hay nhất từng được tạo ra và trò chơi thứ hai đã giành được hơn 320 giải thưởng Trò chơi của năm . Các trò chơi trong sê-ri nằm trong số các trò chơi PlayStation 3 và PlayStation 4 bán chạy nhất . Tính đến tháng 1 năm 2023, nhượng quyền thương mại đã bán được hơn 37 triệu trò chơi trên toàn thế giới. Doanh số bán hàng và sự ủng hộ mạnh mẽ của bộ truyện đã dẫn đến việc nhượng quyền thương mại được mở rộng sang các phương tiện truyền thông khác, bao gồm truyện tranh vào năm 2013, chương trình trực tiếp vào năm 2014, bản chuyển thể truyền hình của HBO vào năm 2023, trò chơi trên bàncủa Themeborne vào năm 2023 và một trò chơi trên máy tính bảng sắp ra mắt của CMON .'),
(9, 10, 1, 'The Last Of Us Part 2', '', '', '/uploads/products/tloupart2.jpg', '', '', 'ps4', 'game', 1, 5, '2023-03-10 07:47:43', '2023-04-22 08:04:13', 0, 100, 30, 'released', 'JUNE 19, 2020', 'the-last-of-us-part-2', '', '', '', ''),
(10, 6, 1, 'Ghost of Tsushima', '', '', '/uploads/products/ghostofttsushima.webp', '', '', 'ps5', 'game', 1, 5, '2023-03-10 07:47:43', '2023-04-22 08:05:09', 0, 100, 70, 'released', 'JULY 17, 2020', 'ghost-of-tsushima', '', '', '', '');
INSERT INTO `products` (`id`, `category_id`, `supplier_id`, `name`, `namepre`, `nameprelast`, `image`, `summary`, `content`, `platforms`, `kind`, `status`, `rate`, `created_at`, `updated_at`, `sku`, `qty`, `price`, `launch_date`, `release_day`, `alias`, `keyword`, `desc`, `imgshare`, `title`) VALUES
(11, 7, 8, 'Final Fantasy XVI', 'FINAL', 'FANTASY XVI', '/uploads/products/ffxvi.jpg', 'Clive bắt đầu trò chơi với tư cách là vệ sĩ của Joshua trong thời kỳ bất ổn gia tăng ở Valisthea. Trong khi Clive không phải là Thống lĩnh của Phoenix, Joshua chia sẻ sức mạnh của Phoenix với anh ta. Công quốc bị tấn công với kết quả bi thảm, và trong sự hỗn loạn sau đó, Eikon Ifrit đen tối xuất hiện. Hành động của Ifrit đẩy Clive vào con đường trả thù, kéo anh vào cuộc xung đột ngày càng tăng giữa các quốc gia và cuộc chiến đầu tiên mà các Eikon trực tiếp chiến đấu với nhau.', '', 'ps5', 'game', 1, 5, '2023-03-10 07:49:47', '2023-05-25 08:15:17', 0, 97, 70, 'coming', 'JUNE 22, 2023', 'final-fantasy-xvi', '', 'Final Fantasy XVI [a] là một trò chơi nhập vai hành động sắp ra mắt được phát triển và phát hành bởi Square Enix . Phần chính thứ mười sáu trong sê-ri Final Fantasy , dự kiến ​​phát hành vào ngày 22 tháng 6 năm 2023 cho PlayStation 5 dưới dạng độc quyền theo thời gian. Trò chơi sẽ có các môi trường mở được phân đoạn và hệ thống chiến đấu dựa trên hành động bao gồm cả các cuộc tấn công cận chiến và dựa trên phép thuật. Ngoài ra còn có các tính năng lặp lại của sê-ri bao gồm Chocobo và quái vật được triệu hồi được gọi là Eikon, cả hai đều được chiến đấu với tư cách là trùm và được sử dụng thông qua việc truyền sức mạnh của chúng trong chiến đấu.', '/uploads/products/ff16.jpg', 'Final Fantasy XVI [a] là một trò chơi nhập vai hành động sắp ra mắt được phát triển và phát hành bởi Square Enix . Phần chính thứ mười sáu trong sê-ri Final Fantasy , dự kiến ​​phát hành vào ngày 22 tháng 6 năm 2023 cho PlayStation 5 dưới dạng độc quyền theo thời gian. Trò chơi sẽ có các môi trường mở được phân đoạn và hệ thống chiến đấu dựa trên hành động bao gồm cả các cuộc tấn công cận chiến và dựa trên phép thuật. Ngoài ra còn có các tính năng lặp lại của sê-ri bao gồm Chocobo và quái vật được triệu hồi được gọi là Eikon, cả hai đều được chiến đấu với tư cách là trùm và được sử dụng thông qua việc truyền sức mạnh của chúng trong chiến đấu.\r\n\r\nFinal Fantasy XVI lấy bối cảnh ở Valisthea, một thế giới được phân chia giữa sáu quốc gia nắm giữ quyền lực thông qua việc tiếp cận với Pha lê ma thuật và Người thống trị, con người đóng vai trò là vật chủ cho Eikon của mỗi quốc gia. Căng thẳng giữa các quốc gia leo thang khi một căn bệnh có tên là Blight bắt đầu tàn phá đất đai. Clive Rosfield, người giám hộ cho em trai Joshua, chứng kiến ​​vương quốc của mình bị phá hủy và thực hiện nhiệm vụ trả thù để truy đuổi Eikon Ifrit đen tối.'),
(12, 6, 8, 'Final Fantasy VII Remake', '', '', '/uploads/products/ff7_re.jpg', 'Cloud Strife là một cựu thành viên của SOLDIER - những chiến binh ưu tú của công ty điện lực Shinra. Shinra sử dụng mako, năng lượng tâm linh của hành tinh, được khai thác bởi những lò phản ứng khổng lồ, để cung cấp năng lượng cho thành phố Midgar và phát triển những công nghệ tiên tiến. Phát hiện bộ mặt thật về Shinra, và cũng vì lời thỉnh cầu của cô bạn thanh mai trúc mã Tifa Lockhart, Cloud trở thành lính đánh thuê cho nhóm Avalanche, được dẫn dắt bởi Barret Wallace, người luôn chắc nịch rằng việc khai thách mako sẽ gây ra thảm họa môi trường, nên họ đã ngăn chặn việc đó bằng cách gài bom vô các lò phản ứng. Hậu quả là Cloud đã bị ám ảnh bởi kí ức của Sephiroth, một cựu thành viên SOLDIER bí ẩn, và anh đã gặp cô gái bán hoa Aerith Gainsborough. Mặc dù Cloud dự định sẽ rời Avalanche sau khi nhận được thù lao, nhưng thực thể ma bí ẩn, thứ thường xuất hiện vào những thời điểm then chốt của trò chơi, khiến anh phải tham gia vào một vụ đánh bom lò phản ứng khác và bị tách khỏi nhóm.\r\n\r\nCloud gặp Aerith lần nữa và bảo vệ cô khỏi lực lượng của Shinra, những kẻ theo đuổi cô vì một lí do bí ẩn nào đó. Trong lúc cố gắng đoàn tụ trở lại với nhóm với sự giúp đỡ của Aerith, họ đã nhìn thấy Tifa đi vào Wall Market, một nơi nằm ngoài vòng pháp luật và họ biết được rằng cô ấy đang cố moi thông tin từ tên tội phạm đứng đầu Wall Market tên là Don Corneo, Corneo tiết lộ rằng Shinra đang tính cho \"tầng thượng lưu\" - nơi ở của những người tầng lớp cao Midgar sụp đổ xuống khu ổ chuột của Khu vực 7 để trả đũa cho sự phá hoại lò phản ứng của nhóm Avalanche. Cloud, Tifa và Baret thất bại trong việc ngăn chặn kế hoạch của Shinra, và tầng thượng lưu đã sụp đổ. Nhờ có Aerith mà hầu hết người dân đã có thể sơ tán kịp lúc, nhưng cô đã bị bọn Shinra bắt lại.\r\n\r\nTrong lúc dọn dẹp đống đổ nát từ việc tầng thượng lưu bị sụp đổ, Cloud, Tifa và Barret khám phá ra phòng nghiên cứu dưới lòng đất của bọn Shinra. Kinh hãi trước những cuộc thí nghiệm bên trong, họ đã quyết định đột nhập vào trụ sở chính của bọn Shinra và giải cứu Aerith trước khi cô phải chịu chung số phận. Aerith tiết lộ rằng cô chính là hậu duệ cuối Cetra, một chủng tộc tiền thân của con người gần tuyệt chủng đã từng sinh sống ở \"Miền đất hứa\" nơi mà bọn Shinra thèm muốn vì trữ lượng mako vô biên của nó. Nhóm cũng đã gặp một loài sinh vật giống sói biết nói tên là Red XIII, nó đã giải thích cho họ rằng những thực thể kì lạ giống như ma mà họ đã gặp phải được gọi là Whispers. Chúng tồn tại để đảm bảo rằng vận mệnh sẽ không bị thay đổi, bằng cách sửa chữa lại bất kì sự sai lệch nào trong vận mệnh. Trong lúc đó, Sephiroth đã đột nhập vào Shinra và cướp lấy một thực thể bí ẩn có tên là \"Jenova\", bằng cách nào đó có thể kết nối tới sự tuyệt chủng của Cetra.\r\n\r\nTrong một cuộc đối đầu ở trên đỉnh của trụ sở Shinra, Sephiroth đã giết chết chủ tịch của Shinra và đâm Barret, nhưng Barret đã được Whispers cứu, trong khi cả nhóm chiến đấu với ảo giác của Jenova. Với cái chết của chủ tịch Shinra, con trai ông ta Rufus nắm quyền kiểm soát tập đoàn và chiến đấu với Cloud, nhưng đã bị đánh bại. Cloud và đồng đội của cậu đã chạy trốn qua đường cao tốc Midgar, nhưng Sephiroth đã chờ họ sẵn ở cuối đường. Sephiroth đã thách thức Cloud một cách bí ẩn, mở một cánh cổng tới chiều không gian khác. Aerith bằng một cách nào đó đã thay đổi cánh cổng, nói rằng nếu họ tiếp tục họ có thể thay đổi định mệnh. Cả nhóm đi vào trong cánh cổng và chiến đấu với Whisper Harbinger, một thực thể được hình thành từ các Whisper hợp thể lại. Trong lúc chuyện này xảy ra, dường như quá khứ cũng bị nhấn chìm bởi Whisper, một SOLDIER Zack Fair chiến đấu với đội quân của Shinra đang muốn giết chết anh và Cloud.\r\n\r\nSau khi Whisper Harbinger bị đánh bại, Sephiroth xuất hiện đối mặt với nhóm, dường như đã chiếm lấy được tàn dư sức mạnh của Whisper. Cùng nhau, cả nhóm lao vào hội đồng hắn, nhưng khoảng khắc Cloud sẳn sàng để kết thúc hắn ta, Sephiroth dịch chuyển cả hai đến một cõi siêu hình mà hắn gọi là Edge of Creation. Sephiroth kêu gọi Cloud tham gia cùng hắn và cùng nhau thách thức định mệnh. Cloud từ chối và chiến đấu với Sephiroth, nhưng một chọi một với hắn thì không cửa và anh đã bị đánh bại, mặc dù Sephiroth tha chết cho anh trước khi rời đi, hắn nói một cách khó hiểu rằng anh sẽ có bảy giây để thách thức số phận.\r\n\r\nTrong lúc đó, Zack Fair đã đánh bại lực lượng của Shinra. Sau khi Cloud quay trở về nhóm, họ thống nhất với nhau rằng Sephiroth là mối đe dọa lớn hơn với hành tinh so với Shinra và cam kết sẽ truy đuổi hắn. Tuy nhiên, khi nhóm rời khỏi Midgar, Aerith đã bảy tỏ mối quan tâm về một tương lai không chắc chắn của họ.', '', 'ps5', 'game', 1, 4, '2023-03-10 07:49:47', '2023-05-22 11:17:36', 0, 99, 60, 'released', 'APRIL 10, 2020', 'final-fantasy-vii-remake', '', 'Final Fantasy VII Remake[b] là một game hành động nhập vai được hãng Square Enix đồng phát triển và phát hành cho PlayStation 4 vào ngày 10 tháng 4 năm 2020. Đây là một bản remake tựa game PlayStation năm 1997 Final Fantasy VII, kể lại câu chuyện nguyên gốc về tay lính đánh thuê Cloud Strife khi anh và nhóm khủng bố sinh thái AVALANCHE chống lại tập đoàn Shinra, và cựu binh của Shinra là Sephiroth. Lối chơi dự tính kết hợp mảng hành động thời gian thực tương tự như Dissidia Final Fantasy, và các yếu tố chiến lược, và trò chơi sẽ được phát hành dưới dạng một sê-ri nhiều phần.', '', 'Final Fantasy VII Remake[b] là một game hành động nhập vai được hãng Square Enix đồng phát triển và phát hành cho PlayStation 4 vào ngày 10 tháng 4 năm 2020. Đây là một bản remake tựa game PlayStation năm 1997 Final Fantasy VII, kể lại câu chuyện nguyên gốc về tay lính đánh thuê Cloud Strife khi anh và nhóm khủng bố sinh thái AVALANCHE chống lại tập đoàn Shinra, và cựu binh của Shinra là Sephiroth. Lối chơi dự tính kết hợp mảng hành động thời gian thực tương tự như Dissidia Final Fantasy, và các yếu tố chiến lược, và trò chơi sẽ được phát hành dưới dạng một sê-ri nhiều phần.\r\n\r\nNhững tin đồn và những đòi hỏi về việc tái tạo lại phần VII đã tồn tại trong suốt nhiều năm, nhưng nhiều lý do đã được đưa ra vì sao dự án lại không được phát triển. Ba thành viên chủ chốt ban đầu của nhóm đã trở lại để giúp đỡ Remake: nhà thiết kế nhân vật gốc Nomura Tetsuya trở lại chỉ đạo và quản lý khâu thiết kế lại nhân vật, đạo diễn bản game gốc Kitase Yoshinori đóng vai trò là nhà sản xuất, trong khi Nojima Kazushige quay trở lại đảm nhận khâu viết kịch bản. Quyết định phát hành Remake thành nhiều phần riêng được thực hiện vì vậy nhóm đã không phải cắt bất kỳ nội dung ban đầu nào. Họ cũng quyết định bổ sung thêm nội dung mới và điều chỉnh khâu thiết kế nhân vật gốc để cân bằng giữa tính hiện thực và cách điệu hóa.\r\n\r\nTrò chơi được phát hành cho PlayStation 4 vào ngày 10 tháng 4 năm 2020. Trò chơi đã nhận được những đánh giá tích cực, với những lời khen ngợi về đồ họa, lối chơi, tường thuật và âm nhạc. Các nhà phê bình hoan nghênh việc câu chuyện vẫn bám sát với trò chơi gốc năm 1997 và mở rộng thêm. Hệ thống chiến đấu được cập nhật nhận lời khen vì các yếu tố chiến thuật và sự khởi sắc về mặt đồ họa. Tuy nhiên, sự đón nhận có hỗn hợp giữa khen và chê với sự tuyến tính của trò chơi và tính chất lặp đi lặp lại của các nhiệm vụ phụ. Final Fantasy VII Remake trở thành một trong những trò chơi PlayStation 4 bán chạy nhất, bán được hơn 3,5 triệu bản trong vòng ba ngày và năm triệu bản vào cuối năm nay. Phiên bản dành cho PlayStation 5 có tên Final Fantasy VII Remake Intergrade được nâng cấp về đồ họa và thêm phần chơi cốt truyện của Yuffie, được lên kế hoạch vào tháng 6 năm 2021.'),
(13, 10, 8, 'Final Fantasy XV', '', '', '/uploads/products/ffxv.webp', 'Final Fantasy XV mở đầu khi hai quốc gia Lucis và Niflheim cùng tuyên bố hiệp ước đình chiến, chấm dứt cuộc chiến tranh lạnh đã nổ ra giữa hai bên nhằm tranh đoạt quyền sở hữu viên tinh thể cuối cùng của thế giới. Một bản hòa ước sau cùng cũng được lập ra, và theo đúng một phần của thỏa thuận là Hoàng tử Noctis sẽ kết hôn với Tiểu thư Lunafreya của Tenebrae. Sau khi Noctis rời khỏi cái ngày hiệp ước chính thức sẽ được ký kết, Niflheim bất ngờ tung quân xâm chiếm Lucis và đoạt lấy viên tinh thể trong tay trước khi phát động hàng loạt cuộc tấn công vào các nước Solheim, Tenebrae và Accordo. Noctis và bạn bè của anh giờ đây phải lao vào cuộc hành trình giành lại viên tinh thể của vương quốc mình và đánh bại đạo quân xâm lược của Niflheim.', '', 'ps4', 'game', 1, 4, '2023-03-10 08:00:06', '2023-04-22 08:06:14', 0, 100, 30, 'released', 'NOVEMBER 29, 2016', 'final-fantasy-xv', '', 'Final Fantasy XV (ファイナルファンタジーXV Fainaru Fantajī Fifutīn?) là một game thuộc thể loại nhập vai hành động được hãng Square Enix phát triển và phát hành cho hệ máy PlayStation 4 và Xbox One vào ngày 29 tháng 11 năm 2016, và sẽ được phát hành cho hệ máy PC vào đầu năm 2018[2][3]. Đây là phần thứ mười lăm trong dòng game Final Fantasy và là một phần phụ của dòng game mang tên gọi Fabula Nova Crystallis bao gồm cả Final Fantasy XIII và Final Fantasy Type-0. Lúc đầu là một spin-off mang tên Final Fantasy Versus XIII (ファイナルファンタジーヴェルサスXIII Fainaru Fantajī Verusasu Sātīn?) độc quyền cho PlayStation 3, được coi là sự đổi hướng lớn từ các phiên bản trước đây, mang đến một bầu không khí tối tăm tập trung vào nhân vật con người thực tế hơn so với các phiên bản trước đó. Trò chơi có một môi trường thế giới mở và hệ thống chiến đấu hành động tương tự như dòng game Kingdom Hearts và Type-0, kết hợp với khả năng chuyển đổi vũ khí và các yếu tố khác như lái xe và cắm trại.', '', 'Final Fantasy XV (ファイナルファンタジーXV Fainaru Fantajī Fifutīn?) là một game thuộc thể loại nhập vai hành động được hãng Square Enix phát triển và phát hành cho hệ máy PlayStation 4 và Xbox One vào ngày 29 tháng 11 năm 2016, và sẽ được phát hành cho hệ máy PC vào đầu năm 2018[2][3]. Đây là phần thứ mười lăm trong dòng game Final Fantasy và là một phần phụ của dòng game mang tên gọi Fabula Nova Crystallis bao gồm cả Final Fantasy XIII và Final Fantasy Type-0. Lúc đầu là một spin-off mang tên Final Fantasy Versus XIII (ファイナルファンタジーヴェルサスXIII Fainaru Fantajī Verusasu Sātīn?) độc quyền cho PlayStation 3, được coi là sự đổi hướng lớn từ các phiên bản trước đây, mang đến một bầu không khí tối tăm tập trung vào nhân vật con người thực tế hơn so với các phiên bản trước đó. Trò chơi có một môi trường thế giới mở và hệ thống chiến đấu hành động tương tự như dòng game Kingdom Hearts và Type-0, kết hợp với khả năng chuyển đổi vũ khí và các yếu tố khác như lái xe và cắm trại.\r\n\r\nFinal Fantasy XV diễn ra trong một thế giới tương tự như Trái Đất ngày nay. Các quốc gia trên thế giới một lần nữa đã tiến hành chiến tranh giành quyền kiểm soát các viên tinh thể của thế giới, và tất cả ngoại trừ quốc gia của Lucis đành cam chịu thua cuộc và thụt lùi xuống xã hội như thời Trung cổ. Noctis Lucis Caelum, một hoàng tử của vương quốc Lucis có được quyền năng ma thuật từ lần bị kinh nghiệm cận tử.Trong lúc rời quê nhà để đến kết hôn với Lunafreya Nox Fleuret (là công chúa của Tenebrae) thì quốc gia quân sự Niflheim bất ngờ xâm lược Lucis vào đêm trước khi diễn ra các cuộc đàm phán hòa bình cuối cùng giữa hai nước.Khi Noctis đã biết được mọi chuyện, anh cùng 3 người bạn quay về bắt đầu hướng tới việc đánh bại các lực lượng của Niflheim và giải cứu những viên tinh thể thoát khỏi sự kiểm soát của họ.\r\n\r\nFinal Fantasy XV bắt đầu sản xuất một thời gian ngắn trước khi nó được công bố vào tháng 5 năm 2006. Thời gian phát triển lâu dài của trò chơi và sự vắng mặt khỏi tầm mắt công chúng đã làm phát sinh nhiều tin đồn liên quan đến việc hủy bỏ có thể của nó hoặc chuyển sang nền tảng khác. Vào tháng 6 năm 2013, tựa game cuối cùng mới tiết lộ đã được đổi tên và chuyển sang hệ máy khác từ PlayStation 3 sang PlayStation 4 và Xbox One. Final Fantasy XV đang được phát triển bởi một nhóm nghiên cứu thuộc Bộ phận sản xuất số 1 Square Enix và là lần đầu tiên sử dụng bộ engine middleware Luminous Studio của công ty. Ban đầu giám đốc sản phẩm Final Fantasy XV là Nomura Tetsuya chủ yếu thực hiện các ý tưởng cơ bản cho cốt truyện của Final Fantasy XV và tạo ra các nhân vật trong game. Đến năm 2014, Giám đốc Điều hành của Square Enix là Yūsuke Matsuda đã thông báo rằng Nomura quyết định giao lại vị trí của mình cho Tabata Hajime để tập trung vào việc thực hiện Kingdom Heart 3. Final Fantasy XV bắt đầu quá trình sản xuất một thời gian ngắn trước khi nó được công bố vào tháng 5 năm 2006. Thời gian phát triển lâu dài của trò chơi và sự vắng mặt trước mắt công chúng đã dẫn đến nhiều tin đồn có liên quan đến sự hủy bỏ có thể của nó hoặc chuyển sang nền tảng khác. Vào tháng 6 năm 2013, tựa game cuối cùng nhà sản xuất tiết lộ đã được đổi tên và chuyển sang hệ thống từ PlayStation 3 sang hệ máy console thế hệ thứ tám.[4]'),
(14, 10, 10, 'Grand Theft Auto V', '', '', '/uploads/products/gta5.jpg', 'Năm 2004,[k] Michael Townley, Trevor Philips và Brad Snider thất bại khi thực hiện một vụ cướp ngân hàng tại Ludendorff, North Yankton, dẫn đến việc cả ba đều được coi là đã thiệt mạng. Chín năm sau, Michael đang sống cùng gia đình mình tại thành phố Los Santos, với bí danh Michael De Santa. Phía bên kia thành phố, tên giang hồ đường phố Franklin Clinton đang làm việc cho một tay buôn xe hơi lừa đảo gốc Armenia, và đụng độ với Michael khi đang lấy trộm chiếc xe mới của con trai Michael; hai người sau đó trở thành bạn bè. Khi Michael phát hiện vợ mình, Amanda, ngoại tình với huấn luyện viên quần vợt của cô, hắn cùng Franklin truy đuổi tay huấn luyện viên đến một biệt thự mà Michael đã phá hủy trong cơn tức giận. Không ngờ chủ căn biệt thự đó là tình nhân của Martin Madrazo, một trùm buôn ma túy Mexico, và Martin yêu cầu Michael phải bồi thường. Michael đành tiếp tục thực hiện các hành vi phi pháp để kiếm số tiền đó với sự tham gia của Franklin. Nhờ sự giúp đỡ của Lester Crest, bạn cũ của Michael và là một hacker bị tàn tật, họ cướp một cửa hàng trang sức để trả món nợ cho Michael. Trong lúc đó, Trevor, hiện đang sống ở ngoại ô Los Santos, tình cờ xem một bản tin về vụ cướp này và nhận ra Michael là thủ phạm; mặc dù Trevor vẫn luôn tưởng rằng Michael đã chết trong vụ cướp bất thành chín năm về trước. Trevor đi tìm Michael và buộc Michael phải chấp nhận sự trở lại của Trevor trong cuộc sống của mình.\r\n\r\nDần dần, các nhân vật chính bắt đầu mất kiểm soát trong cuộc sống cá nhân. Các hành vi ngày một bất hảo của Michael khiến gia đình hắn bỏ đi. Sau khi trở thành một nhà sản xuất phim tại studio phim Richards Majestic, Michael xung đột với Devin Weston, một tỉ phú đầu tư mạo hiểm tự thân và là kẻ chiếm quyền kiểm soát công ty thông qua việc mua lượng lớn cổ phần. Devin đe dọa sẽ trả thù sau khi Michael dập tắt kế hoạch đóng cửa studio phim. Trong khi đó, Franklin giải cứu bạn mình, Lamar Davis, khỏi tên giang hồ thuộc băng nhóm đối địch Harold \"Stretch\" Joseph, người liên tục tìm cách giết Lamar để chứng tỏ bản thân với băng đảng mới của hắn. Cùng thời điểm này, những hành động liều lĩnh của Trevor nhằm nắm quyền kiểm soát các chợ đen ở Quận Blaine đã khiến hắn gây chiến với băng tội phạm The Lost, một số băng đảng Mỹ Latinh, những tay buôn ma túy đá đối địch, công ty an ninh tư nhân Merryweather Security cũng như thủ lĩnh Hội Tam Hoàng Wei Cheng.\r\n\r\nDave Norton và Steve Haines, hai đặc vụ của Cục Điều tra Liên bang (FIB), liên lạc với Michael và yêu cầu hắn cùng Franklin và Trevor thực hiện một loạt các nhiệm vụ nhằm hạ bệ đối thủ của FIB là Cơ quan Đối ngoại (IAA).[l] Theo chỉ dẫn của Steve và được sự hỗ trợ từ Lester, họ tấn công một chuyến xe chở tiền dành cho IAA và đánh cắp một vũ khí hóa học đang được thử nghiệm từ một phòng thí nghiệm của IAA. Khi Steve ngày càng bị nghi ngờ, hắn buộc Michael và Franklin xóa sạch các bằng chứng chống lại hắn trên máy chủ của FIB. Nhân cơ hội này, Michael cũng xóa cả những dữ liệu về mình để không bị Steve điều khiển nữa.\r\n\r\nCuối cùng, Michael, Trevor, Franklin và Lester bắt đầu lên kế hoạch cho phi vụ táo bạo từ trước đến nay, cướp kho vàng thỏi của Kho bạc Liên bang. Lúc này, Michael đã hòa giải với gia đình, nhưng Trevor lại phát hiện ra rằng Brad vốn không phải vào tù như mình tưởng, mà đã bị giết trong phi vụ ở Ludendorff và được chôn tại nấm mồ đề tên Michael. Cảm giác bị phản bội của Trevor gây ra sự chia rẽ giữa các nhân vật và đe dọa làm hỏng kế hoạch cướp Kho bạc Liên bang. Steve phản bội Michael và Dave, đồng thời đẩy họ vào một cuộc đọ súng với FIB, IAA và Merryweather. Cảm thấy chỉ có mình mới được quyền giết Michael, Trevor đã can thiệp và cứu hai người họ. Mặc dù vẫn chưa tha thứ cho Michael, nhưng Trevor đồng ý thực hiện phi vụ cướp Kho bạc Liên bang.\r\n\r\nPhi vụ kết thúc thành công, nhưng sau đó Franklin bị Steve và Dave yêu cầu thủ tiêu Trevor vì họ nghĩ hắn đã trở thành một mối đe dọa, đồng thời bị Devin yêu cầu thủ tiêu Michael để trả thù cho sự phản bội của Michael với mình. Franklin có ba lựa chọn: giết Trevor, giết Michael hoặc cố gắng cứu cả hai trong một nhiệm vụ tự sát. Nếu Franklin chọn giết Michael hay Trevor, hắn sẽ chấm dứt liên lạc với người còn lại và trở về với cuộc sống trước đây của mình.[31][32] Trong trường hợp còn lại, cả ba sẽ chống lại sự truy sát của FIB và Merryweather rồi sau đó lần lượt giết Cheng, Stretch, Steve và Devin. Michael và Trevor hòa giải với nhau, và ba nhân vật chính kết thúc mối quan hệ cộng sự nhưng vẫn là bạn của nhau.', '', 'ps5', 'game', 1, 5, '2023-03-10 08:00:06', '2023-04-22 08:06:39', 0, 100, 40, 'released', 'SEPTEMBER 17, 2013', 'gta-5', '', 'Grand Theft Auto V là một trò chơi điện tử hành động phiêu lưu năm 2013 do Rockstar North phát triển và Rockstar Games phát hành. Đây là phần thứ năm của dòng trò chơi Grand Theft Auto sau Grand Theft Auto IV (2008). Lấy bối cảnh tại tiểu bang hư cấu San Andreas ở miền Nam California, cốt truyện của chế độ chơi đơn xoay quanh ba nhân vật chính—tên cướp ngân hàng đã giải nghệ Michael De Santa, tên giang hồ đường phố Franklin Clinton, tên bán thuốc phiện và buôn lậu vũ khí Trevor Philips—cũng như các phi vụ trộm cướp mà chúng thực hiện dưới áp lực từ một cơ quan chính phủ và những tên tội phạm khác. Thiết kế thế giới mở cho phép người chơi tự do khám phá vùng nông thôn của San Andreas cũng như thành phố hư cấu Los Santos (dựa vào Los Angeles).', '', 'Grand Theft Auto V là một trò chơi điện tử hành động phiêu lưu năm 2013 do Rockstar North phát triển và Rockstar Games phát hành. Đây là phần thứ năm của dòng trò chơi Grand Theft Auto sau Grand Theft Auto IV (2008). Lấy bối cảnh tại tiểu bang hư cấu San Andreas ở miền Nam California, cốt truyện của chế độ chơi đơn xoay quanh ba nhân vật chính—tên cướp ngân hàng đã giải nghệ Michael De Santa, tên giang hồ đường phố Franklin Clinton, tên bán thuốc phiện và buôn lậu vũ khí Trevor Philips—cũng như các phi vụ trộm cướp mà chúng thực hiện dưới áp lực từ một cơ quan chính phủ và những tên tội phạm khác. Thiết kế thế giới mở cho phép người chơi tự do khám phá vùng nông thôn của San Andreas cũng như thành phố hư cấu Los Santos (dựa vào Los Angeles).\r\n\r\nVới góc nhìn thứ ba hay thứ nhất trong Grand Theft Auto V, người chơi có thể đi bộ hoặc lái các phương tiện để di chuyển trong trò chơi. Trong chế độ chơi đơn, người chơi điều khiển và có thể chuyển đổi qua lại giữa ba nhân vật chính dù có đang làm nhiệm vụ hay không. Cốt truyện tập trung vào các phi vụ trộm cướp; lối chơi lái xe và bắn súng xuất hiện trong nhiều nhiệm vụ. Hệ thống \"truy nã\" sẽ đưa ra quyết định về phản ứng của lực lượng thực thi pháp luật với các hành động của người chơi. Grand Theft Auto Online, chế độ nhiều người chơi trực tuyến của Grand Theft Auto V, cho phép 30 người chơi cùng tham gia vào nhiều loại nhiệm vụ khác nhau, cả phối hợp lẫn thi đấu.\r\n\r\nKhông lâu sau khi Grand Theft Auto IV được phát hành, nhiều studio trên toàn thế giới của Rockstar đã phối hợp phát triển Grand Theft Auto V. Đội ngũ phát triển đã lấy cảm hứng từ những dự án trước đó như Red Dead Redemption hay Max Payne 3, và lựa chọn xây dựng ba nhân vật chính nhằm đổi mới cấu trúc cốt lõi của dòng trò chơi. Phần lớn quá trình phát triển được dành để chế tác thế giới mở trong trò chơi; một số thành viên trong đội ngũ phát triển đã tiến hành nghiên cứu thực địa tại California để ghi lại hình ảnh tham khảo cho khâu thiết kế. Âm nhạc của trò chơi được sáng tác bởi một nhóm các nhà sản xuất âm nhạc làm việc cùng nhau trong vài năm. Trò chơi được phát hành vào tháng 9 năm 2013 trên PlayStation 3 và Xbox 360, vào tháng 11 năm 2014 trên PlayStation 4 và Xbox One, và vào tháng 4 năm 2015 trên Microsoft Windows. Các phiên bản dành cho PlayStation 5 và Xbox Series X dự kiến sẽ được phát hành vào cuối năm 2021.\r\n\r\nĐược Rockstar quảng bá rộng rãi và đông đảo người chơi chờ đón, Grand Theft Auto V đã phá nhiều kỷ lục doanh số của ngành công nghiệp trò chơi điện tử và trở thành sản phẩm giải trí được tiêu thụ nhanh nhất trong lịch sử khi đạt doanh thu 800 triệu đô-la trong vòng một ngày và 1 tỉ đô-la trong vòng ba ngày kể từ khi được phát hành. Trò chơi nhận được đánh giá hầu như tích cực từ giới phê bình, chủ yếu dành cho hệ thống ba nhân vật chính, thế giới mở trong trò chơi cũng như đồ họa và lối chơi. Tuy nhiên, trò chơi gây tranh cãi về tính bạo lực và cách miêu tả phụ nữ. Được xem là một trong những trò chơi có ý nghĩa quan trọng nhất của thế hệ máy chơi game console thứ 7 và thứ 8, cũng như một trong số những trò chơi điện tử xuất sắc nhất mọi thời đại, Grand Theft Auto V đã nhận được nhiều giải thưởng, trong số đó có Trò chơi của năm, từ các tờ báo và tạp chí. Grand Theft Auto V là trò chơi điện tử bán chạy thứ hai trong lịch sử với 130 triệu bản được tiêu thụ, và là một trong những sản phẩm giải trí thành công nhất về mặt thương mại, với doanh thu xấp xỉ 6 tỉ đô-la trên toàn thế giới.'),
(15, 18, 3, 'The Legend of Zelda: Breath of the Wild', '', '', '/uploads/products/tloz_botw.jpg', 'Breath of the Wild đem đến một thế giới mà ở đó vương quốc Hyrule đang chống lại thế lực quỷ ác, Calamity Ganon. Mỗi lần Ganon nổi lên tấn công thì hắn luôn bị đánh bại bởi Công chúa Zelda, người nhận được sức mạnh từ nữ thần Hylia cùng sự giúp sức của hiệp sĩ của mình.[18] Qua một thời gian dài, vương quốc Hyrule đã có thể dựng lên một nền văn minh tiên tiến. Bằng cách sử dụng công nghệ kĩ thuật, họ quyết định sẽ tự mình phòng bị để chống lại sự trở lại của Ganon bằng cách tạo ra những bốn cỗ máy khổng lồ có hình dạng giống động vật, được gọi là Divine Beast, cùng một lực lượng các vũ khí kĩ thuật tự động khác, được gọi là Guardian.[19] Bốn hiệp sĩ mạnh nhất được trao cho danh hiệu anh hùng và mỗi người điều khiển một Divine Beast để tấn công và làm suy yếu Ganon, trong khi công chúa và hiệp sĩ của cô sử dụng các Guardian để phòng vệ, và anh hạ Ganon bằng cây kiếm huyền thoại Master Sword, để công chúa có đủ khả năng phong ấn Ganon.[20]\r\n\r\n10.000 năm sau, vương quốc Hyrule đánh mất công trình kĩ thuật to lớn và đã quay về lại thời kì trung cổ.[21] Sau khi đọc được lời tiên tri của đời trước để lại, họ nhận ra dấu hiệu quay trở lại của Ganon và khôi phục lại các Divine Beast và Guardian sau khi khai quật rộng khắp vương quốc.[22] Các anh hùng đa chủng tộc của Hyrule gồm: Daruk, chiến binh của miền núi Goron, Mipha, công chúa của miền nước Zora, Revali, cung thủ thiện xạ nhất trong loài chim Rito, và Urbosa, nữ trưởng tộc ở miền sa mạc Gerudo—cùng hợp sức để điều khiển Divine Beast, trong khi công chúa Zelda và Link, chàng hiệp sĩ được phong tước của cô, cùng cố gắng ngăn chặn thế lực quỷ dữ bằng chiến thuật của những thế hệ cổ đại đi trước.[23] Tuy nhiên, Ganon đã trở lại từ ngay dưới lâu đài Hyrule và cướp lấy quyền điều khiển các Guardian và Divine Beast, khiến chúng chống lại vương quốc Hyrule. Tai ương \"Great Calamity\" đã diễn ra khiến vua, các anh hùng và tất cả mọi người ở trong lâu đài bị giết chết, thành phố của lâu đài bị phá huỷ và Link bị thương nặng khi đang bảo vệ cho công chúa, đành bỏ mặc vương quốc bị phá huỷ.[24] Zelda còn sống sót, và sau khi đưa Link đến chỗ an toàn và phong ấn cây kiếm Master Sword, cô một mình đối đầu với Ganon, sử dụng phép thuật của mình để phong ấn hắn lại bên trong những bức tường thành.[25]\r\n\r\n100 năm sau, tại Shrine of Resurrection, một giọng nói đánh thức Link tỉnh dậy, tuy nhiên cậu không còn nhớ chuyện quá khứ 100 năm trước. Giọng nói của một người con gái bí ẩn đã dẫn cậu tới vương quốc Hyrule đổ nát, nơi cậu gặp một ông già, người sau khi giúp Link làm quen lại với thế giới đổ nát này, đã cho biết thân phận mình là vua Rhoam, vị vua cuối cùng của vương quốc Hyrule. Vua Rhoam đã giải thích với Link rằng Ganon đã bị phong ấn trong toà lâu đài Hyrule đã 100 năm, nhưng Ganon vẫn tiếp tục tăng sức mạnh, và ông mong muốn Link hãy đánh bại Ganon trước khi hắn phá vỡ phong ấn và phá huỷ cả thế giới.[26]\r\n\r\nLink đến địa điểm của từng Divine Beast, tìm lại kí ức của bốn người anh hùng đã hi sinh và linh hồn của họ chỉ dẫn cậu kích hoạt máy móc bên trong Divine Beast để gọi dậy con quái vật mà Ganon đã tạo ra để giành quyền kiểm soát Divine Beast. Sau khi hạ được con quái vật ở mỗi Divine Beast, linh hồn của các anh hùng sẽ xuất hiện và trao cho Link sức mạnh của họ để cậu có thể sử dụng, và họ sẽ sẵn sàng tấn công Ganon ngay khi Link tiến vào lâu đài Hyrule để đối đầu với Ganon. Trong khi Link du ngoạn khắp thế giới, cậu cũng sẽ đi ngang qua những địa danh mà cậu và Zelda đã cùng đến trong quá khứ, dần dần sẽ gợi lại kí ức cũ của cậu. Sau khi nhận được Master Sword trong khu rừng Lost Woods, Link đánh bại Ganon với sự giúp đỡ từ các Divine Beast, nhưng Ganon thức tỉnh và biến thành hình dạng thật sự: một con quái thú khổng lồ ngập chứa thù hận và ác tâm, được gọi là Dark Beast Ganon. Zelda đưa Link cung ánh sáng Bow of Light để đánh bại Ganon và Zelda đã tiêu diệt hắn bằng lượng sức mạnh cuối cùng, khôi phục lại nền hoà bình cho vương quốc Hyrule và cuối cùng cũng có thể để linh hồn của vua Rhoam và các anh hùng yên nghỉ. Trong cảnh cuối trò chơi, Zelda, khi nhận ra rằng Ganon đã thực sự ra đi, cô nghĩ rằng vương quốc Hyrule cần tái xây dựng và cô cùng với Link sẽ bắt đầu cuộc hành trình mới của riêng hai người họ.[27] Nếu người chơi hoàn thành được một số nhiệm vụ nhất định, trò chơi sẽ mở ra thêm một đoạn kết ẩn.', '', 'switch', 'game', 1, 5, '2023-03-10 08:07:55', '2023-04-22 08:07:06', 0, 100, 50, 'released', 'MARCH 3, 2017', 'the-legend-of-zelda-breath-of-the-wild', '', 'The Legend of Zelda: Breath of the Wild[a] là trò chơi thuộc thể loại hành động khám phá được phát triển và phát hành bởi Nintendo. Trò chơi là một phần của series The Legend of Zelda, được phát hành trên hệ máy Nintendo Switch và Wii U vào ngày 3 tháng 3 năm 2017. Câu chuyện theo chân Link, người thức tỉnh khỏi một giấc ngủ một trăm năm bởi một giọng nói kì lạ dẫn lối cho cậu đánh bại Calamity Ganon trước khi hắn ta phá hủy vương quốc Hyrule.', '', 'The Legend of Zelda: Breath of the Wild[a] là trò chơi thuộc thể loại hành động khám phá được phát triển và phát hành bởi Nintendo. Trò chơi là một phần của series The Legend of Zelda, được phát hành trên hệ máy Nintendo Switch và Wii U vào ngày 3 tháng 3 năm 2017. Câu chuyện theo chân Link, người thức tỉnh khỏi một giấc ngủ một trăm năm bởi một giọng nói kì lạ dẫn lối cho cậu đánh bại Calamity Ganon trước khi hắn ta phá hủy vương quốc Hyrule.\r\n\r\nTrò chơi thuộc thể loại thế giới mở. Giống như các phiên bản trò chơi trước trong series Legend of Zelda, người chơi được cho một ít hướng dẫn và có thể tự do khám phá. Link có thể thu thập các vật phẩm như quần áo, vũ khí, và thức ăn với nhiều các sử dụng khác nhau. Xuyên suốt thế giới trong trò chơi là những hướng dẫn chỉ đường bởi các NPC để người chơi có thể đi theo. Bên cạnh những nhiệm vụ chính, người chơi có thể giải những nhiệm vụ phụ được cho bởi các NPC, giải những câu đố. Thế giới của Breath of the Wild không theo cấu trúc, cho phép người chơi có thể thử nghiệm và hoàn tất trò chơi theo nhiều cách khác nhau.\r\n\r\nQuá trình phát triển Breath of the Wild kéo dài trong 5 năm. Theo như nhà sản xuất Aonuma Eiji, đội làm trò chơi đã mong muốn được sáng tạo lại series trò chơi này, họ đã thảo luận về các yếu tố mới, bao gồm một hệ thống mô phỏng vật lí chi tiết, hình họa video sắc nét, và lồng tiếng. Trò chơi được lên kế hoạch phát hành vào năm 2015 độc quyền trên Wii U, nhưng đã hoãn lại hai lần do một số vấn đề liên quan tới hệ thống mô phỏng vật lí. Breath of the Wild cuối cùng được phát hành trên hệ máy Nintendo Switch và cũng là trò chơi cuối cùng của Nintendo dành cho hệ máy Wii U. Hai bản DLC cũng được phát hành, bao gồm các chế độ chơi và chức năng mới.\r\n\r\nBreath of the Wild nhận được sự ủng hộ tích cực trên toàn cầu về lối chơi tự do và chú trọng đến từng chi tiết. Nhiều người đánh giá rằng trò chơi này sẽ là bước đi mới trong thiết kế thế giới mở, mặc dù có một số phản hồi tiêu cực về frame rate và lỗi kĩ thuật khi chơi. Trò chơi này đã giành được nhiều giải thưởng, bao gồm nhiều giải thưởng Trò chơi của năm, và nhận được phản hồi tích cực rằng đây là một trong những trò chơi tuyệt vời nhất mọi thời đại. Đây là phiên bản của series có số lượng bán ra cao nhất, với hơn 8 triệu bản trên hệ máy Switch và hơn 1 triệu bản trên hệ máy Wii U trong vòng một năm.'),
(16, 19, 3, 'The Legend of Zelda: Tears of the Kingdom', 'THE LEGEND OF ZELDA  ', 'TEARS OF THE KINGDOM', '/uploads/products/tloz_totk.webp', '', '', 'switch', 'game', 1, 5, '2023-03-10 08:07:55', '2023-05-22 11:17:36', 0, 99, 70, 'coming', 'MAY 12, 2023', 'the-legend-of-zelda-tears-of-the-kingdom', '', 'The Legend of Zelda: Tears of the Kingdom [b] là một trò chơi phiêu lưu hành động sắp ra mắt năm 2023 được phát triển bởi Nintendo EPD và được Nintendo phát hành cho Nintendo Switch . Là phần tiếp theo của The Legend of Zelda: Breath of the Wild (2017), Tears of the Kingdom giữ lại nhiều khía cạnh của phần trước, bao gồm cả môi trường thế giới mở của Hyrule , được mở rộng để cho phép khám phá theo chiều dọc nhiều hơn. Link , nhân vật chính của Tears of the Kingdom , tham gia cùng với Zelda và bị Ganon phản đối .', '/uploads/products/tloz_totk.jpg', 'The Legend of Zelda: Tears of the Kingdom [b] là một trò chơi phiêu lưu hành động sắp ra mắt năm 2023 được phát triển bởi Nintendo EPD và được Nintendo phát hành cho Nintendo Switch . Là phần tiếp theo của The Legend of Zelda: Breath of the Wild (2017), Tears of the Kingdom giữ lại nhiều khía cạnh của phần trước, bao gồm cả môi trường thế giới mở của Hyrule , được mở rộng để cho phép khám phá theo chiều dọc nhiều hơn. Link , nhân vật chính của Tears of the Kingdom , tham gia cùng với Zelda và bị Ganon phản đối .\r\n\r\nSau khi hoàn thành quá trình phát triển Breath of the Wild vào năm 2017, phần tiếp theo đã được hình thành sau khi nội dung có thể tải xuống (DLC) của trò chơi không thể chứa tất cả các ý tưởng do nhóm phát triển đưa ra. Đạo diễn của Breath of the Wild Hidemaro Fujibayashi và nhà sản xuất Eiji Aonuma tiếp tục vai diễn của họ trong Tears of the Kingdom . Một đoạn giới thiệu trước cho Tears of the Kingdom đã được phát sóng trong E3 2019 , một tiết lộ đầy đủ đã được phát sóng tại E3 2021 và tiêu đề của trò chơi đã được tiết lộ trong Nintendo Direct vào tháng 9 năm 2022 . Trong khi nước mắt của vương quốcban đầu được lên kế hoạch phát hành vào năm 2022, hiện tại nó được lên kế hoạch phát hành vào ngày 12 tháng 5 năm 2023.'),
(17, 13, 2, 'Halo Infinite', '', '', '/uploads/products/halo_in.jpg', 'Vào tháng 12 năm 2559, tàu UNSC Infinity đến phía trên Cài đặt Halo 07 và bắt đầu chuẩn bị cho việc triển khai lực lượng UNSC trên võ đài. Tuy nhiên, trước khi họ có thể triển khai, con tàu đã bị phục kích bởi một số thiết giáp hạm do Banished điều hành. Thủ lĩnh của họ, Atriox, cùng với một tiểu đoàn lớn gồm các lực lượng Bị trục xuất, lên tàu Infinity , đối đầu với Master Chief và đánh bại ông ta. Atriox ném Chief khỏi khoang chứa máy bay của con tàu, khiến anh ta mắc kẹt trong không gian.\r\n\r\nSáu tháng sau, một phi công của UNSC đã tìm thấy Chief trôi dạt trong không gian. Trong khi Phi công muốn chạy trốn, Master Chief nhất quyết tiếp tục cuộc chiến chống lại Kẻ trục xuất. Trưởng và Phi công du hành đến Zeta Halo, nơi đã bị hư hại nghiêm trọng bởi một thiên tai chưa xác định. Trên võ đài, Master Chief tìm thấy Weapon, một AI được thiết kế để bắt chước Cortana nhằm bắt cô ấy để xóa. Trong khi Weapon nói rằng cô ấy đã thành công trong nhiệm vụ của mình, cô ấy đã không thể tự xóa theo chỉ thị của mình. Master Chief lấy lại Weapon và trải nghiệm những hình ảnh về ký ức và suy nghĩ của Cortana để lại dưới dạng dữ liệu còn sót lại.\r\n\r\nZeta Halo được điều khiển bởi Banished, hiện do trung úy của Atriox là Escharum lãnh đạo sau cái chết rõ ràng của Atriox. Brute sắp chết được tiếp thêm sinh lực để có Master Chief làm đối thủ cuối cùng của mình. Master Chief, the Weapon, và một cuộc tập hợp Phi công bất đắc dĩ đã phân tán lực lượng UNSC trên bề mặt võ đài, trong khi tìm kiếm bất kỳ người Sparta nào chưa bị The Hand of Atriox, đội sát thủ Spartan của Escharum, hạ gục. Bên trong cài đặt Forerunner được gọi là Nhạc viện, Master Chief gặp Despondent Pyre, người chăm sóc AI của Zeta Halo. Despondent Pyre cố gắng cảnh báo Master Chief về mối đe dọa có trong bản cài đặt, nhưng bị Harbinger, một người ngoài hành tinh đánh thức bởi Banished, tiêu diệt. Harbinger tuyên bố rằng người của cô ấy, Endless, đã bị giam giữ bởi những Người tiên phong trên Zeta Halo. Cô ấy đã liên minh với Banished để xây dựng lại Thính phòng im lặng, một cơ sở cho phép cô ấy giải phóng người dân của mình. Ngược lại, The Banished sẽ sử dụng Halo đã được sửa chữa làm vũ khí chống lại loài người.\r\n\r\nMaster Chief bảo vệ phi công khỏi bộ đôi sát thủ Spartan do Escharum triển khai. Phi công tiết lộ rằng anh ta là một kỹ sư dân sự trên tàu Infinityngười đã đánh cắp một con Pelican để chạy trốn khỏi trận chiến. Cảnh sát trưởng an ủi anh ta, thừa nhận tội lỗi của mình vì đã không cứu được Cortana. Master Chief và Weapon ngăn quá trình sửa chữa của Zeta Halo bằng cách vô hiệu hóa một loạt ngọn tháp trên võ đài, nhưng không thể ngăn một phần của Auditorium được xây dựng lại. Khi Harbinger cố gắng hack Weapon, Chief sẽ kích hoạt một biện pháp an toàn dự phòng để xóa AI. Weapon đẩy lùi Harbinger và hủy kích hoạt failsafe, tức giận hỏi tại sao Master Chief không tin tưởng cô ấy. Sau khi nhìn thấy một hình ảnh trong đó Cortana sử dụng các Hộ vệ để tiêu diệt hành tinh Doisac, quê hương của Brutes, Weapon nhận ra rằng cô ấy là một bản sao của Cortana và khăng khăng rằng Master Chief đã xóa cô ấy để cô ấy không trở nên giống người tiền nhiệm của mình; Master Chief từ chối, nói rằng anh ấy muốn tin tưởng cô ấy. Phi công bị bắt bởi Jega \'Rdomnai, một kẻ giết người Spartan ưu tú và là bạn thân của Escharum, làm mồi nhử cho Master Chief. Không muốn để Phi công chết, Master Chief thâm nhập vào cơ sở Banished và cứu anh ta, giết chết Jega \'Rdomnai và Escharum trong quá trình này.\r\n\r\nMaster Chief và Weapon chạy đến Auditorium để ngăn chặn Harbinger. Cả hai biết rằng Cortana đã bị bắt bởi Atriox sau khi Weapon nhốt cô ấy lại; khi nhận ra rằng Atriox có ý định truy cập bí mật của chiếc nhẫn, Cortana đã tự hủy hoại bản thân, làm hỏng Zeta Halo và ngăn không cho Vũ khí bị xóa. Trong một tin nhắn được ghi lại, Cortana nói lời tạm biệt với Chief và khuyến khích anh ta làm việc với Weapon. The Chief đánh bại Harbinger, nhưng không thể ngăn cô ấy liên lạc với ai đó về Endless. Sau đó, Weapon và Chief đoàn tụ với Phi công, người tiết lộ tên của mình là Fernando Esparza. Weapon quyết định chọn một cái tên cho mình.\r\n\r\nTrong một cảnh hậu tín dụng, Atriox còn sống sử dụng chìa khóa để mở một cánh cửa bị niêm phong, dẫn đến Vô tận. Nếu trò chơi kết thúc ở độ khó Huyền thoại, cảnh này sẽ có cuộc đối thoại giữa Despondent Pyre và một quan chức của Forerunner về việc giam cầm Endless. Khi Despondent Pyre tuyên bố rằng cô ấy không thể giám sát nghiên cứu về Endless một mình, Tiên nhân trả lời rằng Xu hướng tấn công AI đã được triển khai để hỗ trợ cô ấy.', '', 'xbox', 'game', 1, 3, '2023-03-10 08:18:43', '2023-04-22 08:07:27', 0, 100, 20, 'released', 'NOVEMBER 15, 2021', 'halo-infinity', '', 'Halo Infinite là một trò chơi bắn súng góc nhìn thứ nhất năm 2021 được phát triển bởi 343 Industries và được xuất bản bởi Xbox Game Studios . Đây là mục chính thứ sáu trong sê-ri Halo , [1] sau Halo 5: Guardians (2015).\r\n\r\nChiến dịch theo chân Master Chief siêu chiến binh của con người và cuộc chiến của anh ta chống lại kẻ thù Bị trục xuất trên thế giới võ đài Forerunner Zeta Halo, còn được gọi là Cài đặt 07. Không giống như các phần trước trong sê-ri, phần nhiều người chơi của trò chơi là trò chơi miễn phí .', '', 'Halo Infinite là một trò chơi bắn súng góc nhìn thứ nhất năm 2021 được phát triển bởi 343 Industries và được xuất bản bởi Xbox Game Studios . Đây là mục chính thứ sáu trong sê-ri Halo , [1] sau Halo 5: Guardians (2015).\r\n\r\nChiến dịch theo chân Master Chief siêu chiến binh của con người và cuộc chiến của anh ta chống lại kẻ thù Bị trục xuất trên thế giới võ đài Forerunner Zeta Halo, còn được gọi là Cài đặt 07. Không giống như các phần trước trong sê-ri, phần nhiều người chơi của trò chơi là trò chơi miễn phí .\r\n\r\nTrò chơi được dự định phát hành dưới dạng tựa khởi chạy cho Xbox Series X/S , nhưng đã bị trì hoãn vào tháng 8 năm 2020 sau khi trò chơi của Infinite tiết lộ vào tháng 7 năm 2020 đã nhận được phản hồi tiêu cực từ cả nhà phê bình và người hâm mộ Halo . [2] [3] Sau khi phát hành phiên bản beta mở của thành phần nhiều người chơi vào ngày 15 tháng 11 năm 2021, trùng với lễ kỷ niệm 20 năm nhượng quyền thương mại, chiến dịch đã được phát hành cho Windows , Xbox One và Xbox Series X/S vào ngày 8 tháng 12 năm 2021.\r\n\r\nHalo Infinite nhìn chung nhận được đánh giá tích cực từ các nhà phê bình, với một số người cho rằng trò chơi là sự trở lại hình thức của bộ truyện. Những lời khen ngợi hướng đến hình ảnh, lối chơi, thiết kế thế giới mở, nhạc phim và câu chuyện.');
INSERT INTO `products` (`id`, `category_id`, `supplier_id`, `name`, `namepre`, `nameprelast`, `image`, `summary`, `content`, `platforms`, `kind`, `status`, `rate`, `created_at`, `updated_at`, `sku`, `qty`, `price`, `launch_date`, `release_day`, `alias`, `keyword`, `desc`, `imgshare`, `title`) VALUES
(18, 10, 11, 'The Witcher 3: Wild Hunt', '', '', '/uploads/products/the_witcher_3.jpg', 'Sau vài năm xa cách, witcher Geralt xứ Rivia, lúc này đã hồi phục trí nhớ, bất ngờ nhận được một bức thư từ người tình cũ, cô phù thủy Yennefer of Vengerberg. Anh lập tức lên đường tìm cô và khi hai người hội ngộ, Yennefer dẫn Geralt về Vizima, kinh thành của Vương Quốc Temeria đang bị Hoàng Đế Emhyr var Emreis của Đế Chế Nilfgaard chiếm giữ. Tại đây anh diện kiến Emhyr và được ông ta báo rằng đã có tin tức Ciri xuất hiện (Ciri hay Cirilla là con gái nuôi của Grealt và Yennefer và là người con gái thất lạc từ nhỏ của Emhyr) và hiện tại đang trong tình trang rất nguy hiểm khi bị thế lực Wild Hunt đuổi theo (Wild Hunt là một quân đội người Elf dưới sự chỉ huy của Eredin đến từ thế giới khác, với tham vọng chiếm đoạt được sức mạnh thừ hưởng từ Elder Blood trong người Ciri). Theo như tin tình báo của Emhyr gửi về thì Ciri có thể đã xuất hiện ở Velen (một tỉnh thuộc Temeria bị tàn phá nặng nề bởi triến tranh) và Novigrad (Thành phố tự do và cũng là thành phố lớn nhất Phương Bắc). Đồng thời Yen cũng phát hiện ra những dấu tích cho thấy Ciri có thể đang ở Skellige. Geralt ngay lập tức lên đường đến Velen trong khi Yen cũng xuất phát đến Skellige để tìm manh mối về Ciri.\r\n\r\nKhi đến Velen, Geralt tìm đến gặp gián điệp của Emhyr nhưng Wild Hunt đã nhanh hơn anh một bước, giết chết người gián điệp đó. May mắn thay, Geralt đã tìm được những tài liệu quan trọng mà người này để lại. Qua đó anh biết được Ciri đã từng trú chân tại lãnh thổ của một người Nam Tước địa phương tự phong có biệt hiệu Bloody Baron (Nam Tước Khát Máu) và có dính dáng đến Ladies of the Wood (Các Quý Cô Rừng Núi, thực tế là ba thực thể cổ đại vô cùng nguy hiểm có tên là The Crones muốn ăn thịt Ciri). Nhờ sự giứp đỡ từ người bạn cũ là phù thủy Keira Metz cũng như những thông tin có được từ Bloody Baron, Geralt biết được Ciri đã từng đồng hành với một pháp sư người elf bí ẩn. Đồng thời xác định được Ciri đã rời Velen để đến Novigrad.\r\n\r\nĐến Novigrad, anh đoán Ciri chắc chắn sẽ cố liên lạc với anh hoặc Yen, hoặc là những người bạn cũ của cô. Anh đã tìm đến phù thủy Triss Merigold (người tình của anh sau khi anh mất trí nhớ), tuy nhiên cô không hề nhận được liên lạc từ Ciri. Triss chỉ cho anh đến gặp một cô đồng, qua đó, Geralt biết được Ciri đã tìm gặp Dandelion và Dudu (hai người bạn cũ) và có dính dáng đến một tên đại ca trong thế giới ngầm của thành phố này có biệt hiệu là Whoreson Junior (Thằng Khốn Con). Nhờ sự giúp đỡ của Sigismund Djikstra và Vernon Roche, Geralt đã lần ra được hang ổ của Whoreson Junior và có thêm thông tin của Ciri. Đồng thời với sự trợ giúp từ Triss, Priscilla, Zoltan Chivay và Dudu anh đã giải cứu được Dandelion hiện đang bị bắt giữ. Qua lời kể của Dandelion, do anh giới thiệu, Ciri tìm đến Whoreson Junior với hi vọng với quan hệ rộng khắp của hắn có thể giúp cô giải được một lời nguyền nào đó. Tuy nhiên mọi chuyện vuột khỏi tầm tay khi Whoreson Junior trở mặt với Ciri. Cô và Dandelion bị truy sát bởi đám lính, sau khi bọc lót để Dandelion chạy trốn an toàn, Ciri đã sử dụng phép thuật dịch chuyển tức thời đi chỗ khác. Tuy nhiên cảm thấy lo lắng cho sự an nguy của Ciri, Dandelion đã quay trở lại và bị bắt.\r\n\r\nViệc Ciri biến mất đột ngột ở Novigrad khiến các manh mối tại đây đi vào ngõ cụt, Geralt quyết định đến Skellige hội ngộ cùng Yennefer. Anh cùng Yen truy vết ra trước đó Ciri và pháp sư bí ẩn người elf đã bị Wild Hunt truy đuổi đến Skellige, tuy nhiên người pháp sư đó đã mở được cánh cổng giúp Ciri chạy trốn đến Velen. Sau đó, Geralt và Yen tìm đến một ngôi làng từng bị Wild Hunt tấn công và tìm ra được tung tích một gia đình từng giúp đỡ Ciri ở đây. Qua đó họ biết được rằng sau khi rời Novigrad, Ciri đã quay lại Skellige lần thứ hai hội ngộ với pháp sư elf và họ tiếp tục bị Wild Hunt truy đuổi ở đây. Ciri có thể đã chạy trốn được, hoặc đã bị dính lời nguyền rất mạnh từ Wild Hunt và biến thành một sinh vật xấu xí. Geralt chợt nhớ ra anh đã từng gặp sinh vật này trong nhà của Bloody Baron, tên nó là Uma. Geralt hẹn gặp Yen ở Kaer Morhen (pháo đài nơi Geralt được đào tạo từ nhỏ) và quay trở lại Velen và mang Uma đi.\r\n\r\nỞ Kaer Morhen, Geralt, Yen, và những người bạn đã gỡ được lời nguyền trên Uma. Hóa ra Uma chính là vị pháp sự người elf bí ẩn, tên là Avallac\'h. Avallac\'h cũng đến từ thế giới khác và cùng tộc với Eredin và Wild Hunt. Avallac\'h nói rằng hiện giờ anh ta đang giữ Ciri trên Đảo Sương Mù ngoài khơi Skellige. Geralt ngay lập tức đi đến Đảo Sương Mù cùng với đốm sáng hương dẫn triệu hồi từ Avallac\'h. Tại đây Geralt tìm thấy Ciri trong tình trạng bất động, anh đau khổ ôm chầm lấy Ciri và đốm sáng của Avallac\'h đánh thức Ciri dậy trên tay anh. Ciri dịch chuyển tức thời cùng Geralt về Kaer Morhen trước khi Wild Hunt kịp đến. Nhận thấy sớm muộn Wild Hunt cũng sẽ tấn công Kaer Morhen, Geralt và các bạn quyết định đanh một trận sống còn với chúng tại đây. Anh tìm kiếm tất cả mọi sự giúp đỡ từ bạn bè khắp nơi. Tuy đã tính toán rất kỹ nhưng lực lượng Wild Hunt quá áp đảo so với họ khiên phe Geralt thất thế và bị ép lùi sâu vào pháo đài. Trong khi bảo vệ Ciri, Vesemir (người witcher già quản lý pháo đài Kaer Morhen, thầy của Geralt và Ciri) đã hi sinh. Tức giận bộc phát, Ciri đã phóng toàn bộ sức mạnh của mình, đầy lùi Wild Hunt.\r\n\r\nSau trận Kaer Morhen, Geralt quyết định sẽ phải tiêu diệt Wild Hunt một lần và mãi mãi. Nhận thấy sức mạnh ma thuật của phù thủy có thể gây thiệt hại lớn lên Wild Hunt, Yen và Triss quyết định tìm lại các nữ phù thủy thuộc hội Lodge of Sorceresses đang ẩn nấp do chính sách đàn áp tàn bạo của Radovid. Đồng thời, Geralt và Avallac\'h đã lôi kéo được một cận vệ của Eredin là Ge\'els tiết lộ bí mật về Sunstone hiện đang nằm ở Skellige, vật có thể dụ Eredin và Wild Hunt đến. Hoàng Đế Emhyr cũng hoãn chiến dịch đánh chiếm Skellige lại để tập trung quân lực đối phó với Wild Hunt. Geralt tìm được Sunstone và dụ được Wild Hunt vào bẫy, hai bên giao chiến quyết liệt và Geralt hạ được Eredin. Sau đó Yennefer đến kịp thời cứu Geralt ra khỏi vòng vây của Wild Hunt. Đúng lúc đó những trận động đất và bão tuyết bắt đầu xuất hiện, Geralt và Yennefer phát hiện Avallac\'h đã đưa Ciri lên một đỉnh tháp. Geralt và Yen đuổi theo, Yen dùng phép thuật phá được một lỗ hổng trong rào chắn bảo vệ của Avallac\'h giúp Geralt đi vào. Ở đây Ciri nói với anh rằng lời tiên đoán về White Frost (một cơn bão tuyết khổng lồ dần nuốt chửng tất cả các thế giới) là sự thật và nó đang đến với thế giới này. Chỉ có dòng máu Elder Blood trong người cô mới chắn được nó, Ciri đã quyết định hi sinh thân mình để bảo về thế giới.', '', 'ps5', 'game', 1, 5, '2023-03-10 08:18:43', '2023-04-22 08:07:50', 0, 100, 30, 'released', 'MAY 18, 2015', 'the-witcher-3', '', 'The Witcher 3: Wild Hunt (tiếng Ba Lan: Wiedźmin 3: Dziki Gon - Thầy Phù Thủy 3, Dã Thú 「偨符水3, 野狩」) là một game hành động nhập vai được phát triển và phát hành bởi CD Projekt RED, ra mắt lần đầu vào ngày 19 tháng 5 năm 2015 cho các nền tảng PlayStation 4, Xbox One, và Microsoft Windows. Đây là tựa game thứ 3 và cũng là game kết thúc cho series game The Witcher, sau The Witcher và The Witcher 2: Assassins of Kings. Bối cảnh trong game cũng như của cả series game dựa trên loạt tiểu thuyết viễn tưởng The Witcher của nhà văn Ba Lan Andrzej Sapkowski, nhưng nội dung là các sự kiện xảy ra sau đó.', '', 'Bối cảnh trong game là mô típ thường thấy trong các câu truyện thần thoại châu Âu. Địa điểm trong game là một lục địa rộng lớn (Continnent hay Đại Lục) với đủ chủng tộc: người, elf, hay người lùn cùng vô vàn các loại quái vật và ma quỷ chỉ xuất hiện trong truyền thuyết. Nhân vật chính là Geralt xứ Rivia, một witcher (thợ săn quái vật) đến từ Witcher School of Wolf (Trường phái Witcher Sói) với biệt danh White Wolf (Sói Trắng), phiêu du qua các miền đất ở cõi phía Bắc của Continent.\r\n\r\nThân phận của Geralt và các nhân vật chính trong game đan xen lẫn nhau rất phức tạp, liên quan trực tiếp đến các diễn biến trong tiểu thuyết của Andrzej Sapkowski và hai phiên bản game tiền nhiệm, người chơi có thể khám phá những điều này qua đối thoại với những nhân vật phụ (NPC) và những cuốn sách trong suốt cả series game. Ví dụ như Yennefer đã từng bị Wild Hunt bắt đi, Geralt đi cứu cô, rồi Ciri đến cứu cả hai người và sau đó cả Geralt và Yen đều bị mất trí nhớ (mở đầu cho game The Witcher). Cuộc phiêu lưu của Ciri sau đó, tại sao cô rời Geralt và Yennefer, cô đã đi đâu và làm gì trước quay trở lại thế giới thực tại ở Continent. Tất cả tạo nên một cuộc sống phức tạp trước và sau khi mất trí nhớ của Geralt, sau đó lại hồi phục được một phần trí nhớ (ví dụ Yen là người tình của anh trước khi mất trí nhớ, sau khi bị mất trí nhớ anh lại yêu Triss, sau đó hồi phục được lại nhớ ra Yen). Tất cả giải thích vì sao cả Ciri là Yennefer không hề xuất hiện trong hai game trước đột nhiên trở thành nhân vật chính trong phần thứ ba này.\r\n\r\nTiếp diễn câu chuyện từ The Witcher 2, Đế Chế Nilfgaard hùng mạnh phía Nam dưới sự cai trị của Hoàng Đế Emhyr var Emeris đem quân chinh phạt liên minh các vương quốc phía Bắc. Emhyr đã chiếm được Vương Quốc Temeria và mở rộng chiến tranh sang Vương Quốc Redania của Vua Radovid V và Skellige, quốc đảo nằm ngoài khơi Continent. Trong khi đó, Redania dưới sự cai trị của Radovid (một tên bạo chúa nhưng lại có đầu óc chiến lược) vẫn phòng ngự kiên cường trước sự tấn công của Nilfgaard, một mặt vẫn tiếp tục mở các chiến dịch truy quét phù thủy và pháp sư trong nước một cách tàn bạo.'),
(22, 13, 2, 'Forza Horizon 5', '', '', '/uploads/products/forza_horizon_5.jpg', 'Forza Horizon 5 is a racing video game set in an open world environment based in a fictional representation of Mexico.[5] The game has the largest map in the entire Forza Horizon series, being 50% larger than its predecessor, Forza Horizon 4, while also having the highest point in the Horizon series.[6][7] The map was described by creative director Mike Brown as one of the most diverse Forza Horizon maps the team has built.[8] The map contains an active caldera volcano, jungles and beaches, ancient Mayan temples, and towns and cities such as Guanajuato. Players can explore the open world freely, though they can also compete in multiplayer races and complete the campaign mode. Both the cars featured in the game and the player character can be extensively customised.[9] Players are able to create custom liveries and tunes for cars, and perform engine swaps, drivetrain swaps, or install body kits on certain vehicles. The game is the first in the franchise to support ray tracing on cars (although this is only available in Forzavista).[10]\r\n\r\nThe game introduces a new weather system (local weather) in which players can visit one side of the map and can visibly see a storm. Because Mexico is such a vast nation with such a wide range of elevations, multiple climates would appear in the game at around the same time. The four seasons still exist but would affect the eleven unique biomes around the map. For example, in the dry season, dust storms will appear, while tropical storms occur throughout the fall storm season.[11] Another detail is in the jungle, in which the environment would now react to the weather; an example of this is leaves flying everywhere.[12][13]\r\n\r\nForza Horizon 5 also introduces a brand new Horizon Arcade. This consists of a series of mini-multiplayer games strewn across the map. One of these mini-multiplayer games is called \"Piñata pop\" where the Horizon Festival\'s cargo plane drops piñatas. The goal is to pop as many piñatas as they can with the help of other players. It also introduces the \"EventLab\", a toolset in which players can create custom games, races, and more depending on their personal preference.[14] A new feature called \"Forza Link\" was introduced. According to Brown, it is an AI assistant that tracks the current statuses of players, helping them to link with other players online and play together. Forza Link can also link players\' GPS systems if they accept the invitation from another player.[9] Accolades, new to the Forza Horizon series, allow players to collect points and prizes for completing certain tasks. Some vehicles can only be unlocked through the completion of the Accolades. There are over 1,800 accolades for the player to achieve.[15]\r\n\r\nThe Eliminator battle royale game mode introduced in Forza Horizon 4 returns, albeit with players starting in a 1963 Volkswagen Beetle rather than a 1965 Mini.[16] The world is designed for the mode unlike the previous game, which received The Eliminator after launch.[17] As in the previous game, players can buy in-game houses ranging from small beachside cabanas to even a hotel, which can unlock rewards such as Wheelspins and the right to Fast Travel. The game features over 600 licensed vehicles.\r\n\r\nDue to licensing issues, vehicles from Alfa Romeo, Fiat (including Abarth marque) and Lancia were not present in the base game. Prior to the release of Forza Horizon 5, the Stratos HF Stradale was shown in a video covering car audio but it was scrapped in the released game. ', '', 'xbox', 'game', 1, 4, '2023-03-10 08:18:43', '2023-04-22 08:08:10', 0, 100, 60, 'released', 'NOVEMBER 1, 2021', 'forza-horizon', '', 'Forza Horizon 5 is a 2021 racing video game developed by Playground Games and published by Xbox Game Studios. It is the fifth Forza Horizon title and twelfth main instalment in the Forza series. The game is set in a fictionalised representation of Mexico. It was released on 9 November 2021 for Windows, Xbox One, and Xbox Series X/S.', '', 'Forza Horizon 5 is a 2021 racing video game developed by Playground Games and published by Xbox Game Studios. It is the fifth Forza Horizon title and twelfth main instalment in the Forza series. The game is set in a fictionalised representation of Mexico. It was released on 9 November 2021 for Windows, Xbox One, and Xbox Series X/S.\r\n\r\nThe game received critical acclaim and became a commercial success upon release; it launched to over ten million players in the first week, the biggest-ever launch for an Xbox Game Studios game. The game won three jury-voted awards at The Game Awards 2021, tying with Hazelight\'s It Takes Two for most wins, and was also nominated for the public-voted Players\' Voice award, which went to fellow Xbox Game Studios title Halo Infinite.[4]'),
(23, 13, 2, 'MICROSOFT FLIGHT SIMULATOR', '', '', '/uploads/products/flight_simulator.jpg', 'Microsoft Flight Simulator is a series of flight simulator programs for MS-DOS, Classic Mac OS and Microsoft Windows operating systems. It was an early product in the Microsoft application portfolio and differed significantly from Microsoft\'s other software, which was largely business-oriented. As of November 2022, Microsoft Flight Simulator is the longest-running software product line for Microsoft, predating Windows by three years.[2] Microsoft Flight Simulator is one of the longest-running PC video game series of all time.[3][4]\r\n\r\nBruce Artwick began the development of Flight Simulator in 1977. His company, Sublogic, initially distributed it for various personal computers.[4] In 1981, Artwick was approached by Microsoft\'s Alan M. Boyd who was interested in creating a \"definitive game\" that would graphically demonstrate the difference between older 8-bit computers, such as the Apple II, and the new 16-bit computers, such as the IBM PC, still in development. In 1982, Artwick\'s company licensed a version of Flight Simulator for the IBM PC to Microsoft, which marketed it as Microsoft Flight Simulator 1.00.\r\n\r\nIn 2009, Microsoft closed down Aces Game Studio, which was the department responsible for creating and maintaining the Flight Simulator series. In 2014, Dovetail Games were granted the rights by Microsoft to port the Gold Edition of Microsoft\'s Flight Simulator X to Steam and publish Flight Simulator X: Steam Edition.\r\n\r\nMicrosoft announced a new installment at E3 in 2019, simply titled Microsoft Flight Simulator, to be released initially on PC and ported over to the Xbox Series X at a later date. On July 12, 2020, Microsoft opened up preorders and announced that Microsoft Flight Simulator for PC will be available on August 18, 2020.[5] The company announced three different versions of the title – standard, deluxe, and premium deluxe, each providing an incremental set of gameplay features, including airports, and airplanes to choose from.[6] The Xbox edition was released on July 27, 2021.[7]', '', 'xbox', 'game', 1, 5, '2023-03-10 08:18:43', '2023-04-24 17:39:06', 0, 100, 60, 'released', 'AUGUST 17, 2020', 'microsoft-flight-simulator', '', 'Microsoft Flight Simulator is a series of flight simulator programs for MS-DOS, Classic Mac OS and Microsoft Windows operating systems. It was an early product in the Microsoft application portfolio and differed significantly from Microsoft\'s other software, which was largely business-oriented. As of November 2022, Microsoft Flight Simulator is the longest-running software product line for Microsoft, predating Windows by three years.[2] Microsoft Flight Simulator is one of the longest-running PC video game series of all time', '', 'Microsoft Flight Simulator is a series of flight simulator programs for MS-DOS, Classic Mac OS and Microsoft Windows operating systems. It was an early product in the Microsoft application portfolio and differed significantly from Microsoft\'s other software, which was largely business-oriented. As of November 2022, Microsoft Flight Simulator is the longest-running software product line for Microsoft, predating Windows by three years.[2] Microsoft Flight Simulator is one of the longest-running PC video game series of all time.[3][4]\r\n\r\nBruce Artwick began the development of Flight Simulator in 1977. His company, Sublogic, initially distributed it for various personal computers.[4] In 1981, Artwick was approached by Microsoft\'s Alan M. Boyd who was interested in creating a \"definitive game\" that would graphically demonstrate the difference between older 8-bit computers, such as the Apple II, and the new 16-bit computers, such as the IBM PC, still in development. In 1982, Artwick\'s company licensed a version of Flight Simulator for the IBM PC to Microsoft, which marketed it as Microsoft Flight Simulator 1.00.\r\n\r\nIn 2009, Microsoft closed down Aces Game Studio, which was the department responsible for creating and maintaining the Flight Simulator series. In 2014, Dovetail Games were granted the rights by Microsoft to port the Gold Edition of Microsoft\'s Flight Simulator X to Steam and publish Flight Simulator X: Steam Edition.\r\n\r\nMicrosoft announced a new installment at E3 in 2019, simply titled Microsoft Flight Simulator, to be released initially on PC and ported over to the Xbox Series X at a later date. On July 12, 2020, Microsoft opened up preorders and announced that Microsoft Flight Simulator for PC will be available on August 18, 2020.[5] The company announced three different versions of the title – standard, deluxe, and premium deluxe, each providing an incremental set of gameplay features, including airports, and airplanes to choose from.[6] The Xbox edition was released on July 27, 2021.[7]'),
(24, 5, 1, 'Playstation 5 Standard', '', '', '/uploads/products/ps5_standard.webp', 'Gần cuối Fimbulwinter, Kratos và Atreus trở về nhà—chống lại cuộc phục kích của Freya đầy thù hận—để tìm con sói Fenrir của họ trong những giây phút cuối cùng. Sự đau buồn của Atreus biến anh ta thành một con gấu thông qua phép thuật thần thánh và Người khổng lồ vẫn chưa được kiểm soát của mình, chiến đấu với Kratos trong một thời gian ngắn trước khi anh ta tỉnh lại. Thor đến cùng với Odin, người đề nghị để họ yên nếu Atreus từ bỏ cuộc tìm kiếm bí mật cho Týr. Kratos từ chối và đấu với Thor đến bế tắc, nhưng Odin nói với Atreus rằng anh ta sẽ để Kratos yên nếu người trước đến Asgard. Kratos, Atreus và Mímir trú ẩn tại quê hương của Sindri Yggdrasil , ở vương quốc giữa các cõi.\r\n\r\nAtreus thừa nhận anh và Sindri đã tìm kiếm manh mối về tung tích của Týr. Kratos miễn cưỡng đồng ý giúp Atreus; họ đến Svartalfheim và giải cứu Týr theo chủ nghĩa hòa bình. Cả nhóm đi đến đền thờ của Gróa ở Alfheim để hiểu lời tiên tri liên quan đến Ragnarök, và biết được Gróa đã nói dối: chỉ có Asgard là bị hủy diệt nhưng tất cả các vương quốc khác đều tồn tại dưới quyền của một nhà vô địch mới, ngụ ý là Atreus sử dụng tên Loki.\r\n\r\nKratos và Atreus tranh luận về định mệnh được cho là của Atreus. Đêm đó, Atreus được chuyển đến Jötunheim một cách kỳ diệu, nơi anh gặp Nữ thần khổng lồ Angrboda, người đã cho anh xem một bức tranh tường [b] báo trước cái chết của Kratos ở Ragnarök và Atreus phục vụ Odin. Atreus biết được những Người khổng lồ đã chuyển linh hồn của họ thành những viên đá tâm linh; anh ta được giao cho họ và đặt linh hồn của Người khổng lồ vào cơ thể của một con rắn. Atreus trở lại Midgard, nơi anh và Kratos bị Freya tấn công. Cô ấy đồng ý tha cho Kratos nếu anh ấy giúp cô ấy phá bỏ lời nguyền ràng buộc cô ấy với Midgard—cô ấy phá vỡ nó bằng cách biến thành một con chim ưng. Tại Vanaheim, nơi Freyr, anh trai bị ghẻ lạnh của Freya, lãnh đạo cuộc kháng chiến chống lại Odin, Kratos mở lòng với Freya về cái chết của gia đình đầu tiên của anh ta ở Hy Lạpvà sự trống rỗng của sự trả thù. Sau khi phá bỏ lời nguyền, Freya và Kratos làm lành.\r\n\r\nKratos và Atreus tranh cãi về hành vi gian dối của Atreus; Atreus chạy trốn đến Asgard để tìm cách ngăn chặn cái chết của Kratos. Odin yêu cầu sự giúp đỡ của anh ấy trong việc ngăn chặn Ragnarök bằng cách lắp ráp lại một chiếc mặt nạ cổ xưa được cho là có thể cung cấp kiến ​​​​thức vô hạn. Trong khi đó, Kratos, Freya và Mímir đến thăm Norns, những người nói rằng Heimdall định giết Atreus. Kratos và Brok rèn chiếc nhẫn Draupnir thành một cây thương mạnh mẽ, có khả năng gây sát thương cho Heimdall. Ở Helheim, Atreus thả con sói khổng lồ vô hồn Garm, người bắt đầu xé toạc các cõi. Sau khi đoàn tụ với Kratos, Atreus, nhận ra linh hồn của Fenrir bị ràng buộc vào con dao của mình khi anh ta chết, đã hồi sinh Fenrir bằng cách chuyển linh hồn của anh ta vào Garm. Kratos và Atreus sau đó hòa giải. Cùng với Mímir và Freya, họ quay trở lại Vanaheim để giải cứu Freyr khỏi Aesir. Kratos buộc phải giết Heimdall và yêu cầu Gjallarhorn, khiến Ragnarök chuyển động.\r\n\r\nAtreus thâm nhập vào Asgard và đánh cắp chiếc mặt nạ. Tại nơi ẩn náu, Týr đồng ý chiến đấu; nghi ngờ về sự thay đổi trái tim của Týr, Brok nhận ra rằng anh ấy đang gọi Atreus là \"Loki\", giống như người Asgardians. Týr đâm chết Brok, tiết lộ rằng anh ta từng là Odin cải trang. Cả nhóm đuổi anh ta đi nhưng Sindri đau buồn đổ lỗi cho Atreus về cái chết của Brok và bỏ nhóm. Atreus và Kratos cam kết với Ragnarök, tiến vào Muspelheim để giúp Surtr đạt được dạng nguyên thủy định mệnh sẽ hủy diệt Asgard.\r\n\r\nCác lực lượng thống nhất của các vương quốc tập hợp dưới sự lãnh đạo của Kratos; anh ta âm thanh Gjallarhorn để bắt đầu cuộc bao vây Asgard. Trận chiến bắt đầu không tốt; Yêu tinh và Vanir đấu tranh với hàng phòng thủ của Asgard, Sindri đến một mình để tránh thêm cái chết của người lùn, và quân đội buộc phải giải cứu những người tị nạn Midgardian vô tội. Tuy nhiên, tình thế thay đổi khi Angrboda đến cùng Fenrir và con rắn Atreus được cứu, giờ đã trưởng thành hoàn toàn thành Jörmungandr , kẻ đã đánh lạc hướng Thor trong khi Sindri phá hủy bức tường bảo vệ của Asgard. Thrúd và Sif đào thoát sau khi phát hiện ra Odin sử dụng những người tị nạn làm lá chắn. Thor đánh bật Jörmungandr ngược thời gianvà giao chiến với Kratos, nhưng được thuyết phục đứng xuống để giúp đỡ gia đình anh ta, nhưng bị Odin giết vì không tuân theo. Kratos, Atreus, Freya và Mímir chế ngự và đánh bại Odin; Atreus phá vỡ chiếc mặt nạ và nhốt linh hồn của Odin trong một viên đá tâm linh, thứ mà Sindri đầy thù hận đã đập vỡ. Freyr hy sinh bản thân để mọi người có thể chạy trốn khi Surtr hủy diệt Asgard.\r\n\r\nTại Midgard, Atreus gặp lại Angrboda, người đã cho anh và Kratos xem bức tranh tường mà Faye đã phá hủy để họ có thể tự quyết định số phận của mình. Atreus quyết tâm tìm kiếm những Người khổng lồ còn sống sót ở những vùng đất khác, và gửi lời tạm biệt chân thành đến Kratos. Kratos phát hiện ra một bức tranh tường mô tả anh ta như một vị thần hòa bình được tôn kính. Anh ta tuyển dụng Freya và Mímir để xây dựng lại và khôi phục hòa bình. Einherjar của Asgard bị quét sạch, Freya giết chết Nữ hoàng Valkyrie đầy thù hận Gná và lấy lại áo choàng của cô ta, Aesir chuyển đến Vanaheim và đạt được hòa bình với Vanir, Thrúd sử dụng Mjölnir để tôn vinh Thor, còn Týr thực sự được giải thoát ở Niflheim. Trong đoạn kết bí mật, Kratos, Freya, Mímir và Sindri không khoan nhượng tham dự đám tang của Brok ở Svartalfheim.', '', 'ps5_console', 'console', 1, 5, '2023-03-10 06:13:00', '2023-04-28 07:35:31', 0, 100, 499, 'released', 'NOVEMBER 12, 2020', 'playstation-5-standard', '', 'God of War Ragnarök là một trò chơi phiêu lưu hành động được phát triển bởi Santa Monica Studio và được xuất bản bởi Sony Interactive Entertainment . Nó được phát hành trên toàn thế giới vào ngày 9 tháng 11 năm 2022, cho PlayStation 4 và PlayStation 5 , đánh dấu bản phát hành đa thế hệ đầu tiên trong sê -ri God of War . Đây là phần thứ chín trong sê-ri, thứ chín theo trình tự thời gian và là phần tiếp theo của God of War năm 2018 . Dựa trên thần thoại Bắc Âu , trò chơi lấy bối cảnh ở Scandinavia cổ đại và có nhân vật chính của loạt phim, Kratos, và cậu con trai tuổi teen Atreus. Kết thúc kỷ nguyên Bắc Âu của bộ truyện, trò chơi đề cập đến Ragnarök , sự kiện cánh chung là trung tâm của thần thoại Bắc Âu và được báo trước là sẽ xảy ra trong trò chơi trước sau khi Kratos giết thần Aesir Baldur .', '', ''),
(25, 5, 1, 'Playstation 5 Digital', '', '', '/uploads/products/ps5_digital.webp', 'Gần cuối Fimbulwinter, Kratos và Atreus trở về nhà—chống lại cuộc phục kích của Freya đầy thù hận—để tìm con sói Fenrir của họ trong những giây phút cuối cùng. Sự đau buồn của Atreus biến anh ta thành một con gấu thông qua phép thuật thần thánh và Người khổng lồ vẫn chưa được kiểm soát của mình, chiến đấu với Kratos trong một thời gian ngắn trước khi anh ta tỉnh lại. Thor đến cùng với Odin, người đề nghị để họ yên nếu Atreus từ bỏ cuộc tìm kiếm bí mật cho Týr. Kratos từ chối và đấu với Thor đến bế tắc, nhưng Odin nói với Atreus rằng anh ta sẽ để Kratos yên nếu người trước đến Asgard. Kratos, Atreus và Mímir trú ẩn tại quê hương của Sindri Yggdrasil , ở vương quốc giữa các cõi.\r\n\r\nAtreus thừa nhận anh và Sindri đã tìm kiếm manh mối về tung tích của Týr. Kratos miễn cưỡng đồng ý giúp Atreus; họ đến Svartalfheim và giải cứu Týr theo chủ nghĩa hòa bình. Cả nhóm đi đến đền thờ của Gróa ở Alfheim để hiểu lời tiên tri liên quan đến Ragnarök, và biết được Gróa đã nói dối: chỉ có Asgard là bị hủy diệt nhưng tất cả các vương quốc khác đều tồn tại dưới quyền của một nhà vô địch mới, ngụ ý là Atreus sử dụng tên Loki.\r\n\r\nKratos và Atreus tranh luận về định mệnh được cho là của Atreus. Đêm đó, Atreus được chuyển đến Jötunheim một cách kỳ diệu, nơi anh gặp Nữ thần khổng lồ Angrboda, người đã cho anh xem một bức tranh tường [b] báo trước cái chết của Kratos ở Ragnarök và Atreus phục vụ Odin. Atreus biết được những Người khổng lồ đã chuyển linh hồn của họ thành những viên đá tâm linh; anh ta được giao cho họ và đặt linh hồn của Người khổng lồ vào cơ thể của một con rắn. Atreus trở lại Midgard, nơi anh và Kratos bị Freya tấn công. Cô ấy đồng ý tha cho Kratos nếu anh ấy giúp cô ấy phá bỏ lời nguyền ràng buộc cô ấy với Midgard—cô ấy phá vỡ nó bằng cách biến thành một con chim ưng. Tại Vanaheim, nơi Freyr, anh trai bị ghẻ lạnh của Freya, lãnh đạo cuộc kháng chiến chống lại Odin, Kratos mở lòng với Freya về cái chết của gia đình đầu tiên của anh ta ở Hy Lạpvà sự trống rỗng của sự trả thù. Sau khi phá bỏ lời nguyền, Freya và Kratos làm lành.\r\n\r\nKratos và Atreus tranh cãi về hành vi gian dối của Atreus; Atreus chạy trốn đến Asgard để tìm cách ngăn chặn cái chết của Kratos. Odin yêu cầu sự giúp đỡ của anh ấy trong việc ngăn chặn Ragnarök bằng cách lắp ráp lại một chiếc mặt nạ cổ xưa được cho là có thể cung cấp kiến ​​​​thức vô hạn. Trong khi đó, Kratos, Freya và Mímir đến thăm Norns, những người nói rằng Heimdall định giết Atreus. Kratos và Brok rèn chiếc nhẫn Draupnir thành một cây thương mạnh mẽ, có khả năng gây sát thương cho Heimdall. Ở Helheim, Atreus thả con sói khổng lồ vô hồn Garm, người bắt đầu xé toạc các cõi. Sau khi đoàn tụ với Kratos, Atreus, nhận ra linh hồn của Fenrir bị ràng buộc vào con dao của mình khi anh ta chết, đã hồi sinh Fenrir bằng cách chuyển linh hồn của anh ta vào Garm. Kratos và Atreus sau đó hòa giải. Cùng với Mímir và Freya, họ quay trở lại Vanaheim để giải cứu Freyr khỏi Aesir. Kratos buộc phải giết Heimdall và yêu cầu Gjallarhorn, khiến Ragnarök chuyển động.\r\n\r\nAtreus thâm nhập vào Asgard và đánh cắp chiếc mặt nạ. Tại nơi ẩn náu, Týr đồng ý chiến đấu; nghi ngờ về sự thay đổi trái tim của Týr, Brok nhận ra rằng anh ấy đang gọi Atreus là \"Loki\", giống như người Asgardians. Týr đâm chết Brok, tiết lộ rằng anh ta từng là Odin cải trang. Cả nhóm đuổi anh ta đi nhưng Sindri đau buồn đổ lỗi cho Atreus về cái chết của Brok và bỏ nhóm. Atreus và Kratos cam kết với Ragnarök, tiến vào Muspelheim để giúp Surtr đạt được dạng nguyên thủy định mệnh sẽ hủy diệt Asgard.\r\n\r\nCác lực lượng thống nhất của các vương quốc tập hợp dưới sự lãnh đạo của Kratos; anh ta âm thanh Gjallarhorn để bắt đầu cuộc bao vây Asgard. Trận chiến bắt đầu không tốt; Yêu tinh và Vanir đấu tranh với hàng phòng thủ của Asgard, Sindri đến một mình để tránh thêm cái chết của người lùn, và quân đội buộc phải giải cứu những người tị nạn Midgardian vô tội. Tuy nhiên, tình thế thay đổi khi Angrboda đến cùng Fenrir và con rắn Atreus được cứu, giờ đã trưởng thành hoàn toàn thành Jörmungandr , kẻ đã đánh lạc hướng Thor trong khi Sindri phá hủy bức tường bảo vệ của Asgard. Thrúd và Sif đào thoát sau khi phát hiện ra Odin sử dụng những người tị nạn làm lá chắn. Thor đánh bật Jörmungandr ngược thời gianvà giao chiến với Kratos, nhưng được thuyết phục đứng xuống để giúp đỡ gia đình anh ta, nhưng bị Odin giết vì không tuân theo. Kratos, Atreus, Freya và Mímir chế ngự và đánh bại Odin; Atreus phá vỡ chiếc mặt nạ và nhốt linh hồn của Odin trong một viên đá tâm linh, thứ mà Sindri đầy thù hận đã đập vỡ. Freyr hy sinh bản thân để mọi người có thể chạy trốn khi Surtr hủy diệt Asgard.\r\n\r\nTại Midgard, Atreus gặp lại Angrboda, người đã cho anh và Kratos xem bức tranh tường mà Faye đã phá hủy để họ có thể tự quyết định số phận của mình. Atreus quyết tâm tìm kiếm những Người khổng lồ còn sống sót ở những vùng đất khác, và gửi lời tạm biệt chân thành đến Kratos. Kratos phát hiện ra một bức tranh tường mô tả anh ta như một vị thần hòa bình được tôn kính. Anh ta tuyển dụng Freya và Mímir để xây dựng lại và khôi phục hòa bình. Einherjar của Asgard bị quét sạch, Freya giết chết Nữ hoàng Valkyrie đầy thù hận Gná và lấy lại áo choàng của cô ta, Aesir chuyển đến Vanaheim và đạt được hòa bình với Vanir, Thrúd sử dụng Mjölnir để tôn vinh Thor, còn Týr thực sự được giải thoát ở Niflheim. Trong đoạn kết bí mật, Kratos, Freya, Mímir và Sindri không khoan nhượng tham dự đám tang của Brok ở Svartalfheim.', '', 'ps5_console', 'console', 1, 5, '2023-03-10 06:13:00', '2023-04-28 07:35:35', 0, 100, 399, 'released', 'NOVEMBER 12, 2020', 'playstation-5-digital', '', 'God of War Ragnarök là một trò chơi phiêu lưu hành động được phát triển bởi Santa Monica Studio và được xuất bản bởi Sony Interactive Entertainment . Nó được phát hành trên toàn thế giới vào ngày 9 tháng 11 năm 2022, cho PlayStation 4 và PlayStation 5 , đánh dấu bản phát hành đa thế hệ đầu tiên trong sê -ri God of War . Đây là phần thứ chín trong sê-ri, thứ chín theo trình tự thời gian và là phần tiếp theo của God of War năm 2018 . Dựa trên thần thoại Bắc Âu , trò chơi lấy bối cảnh ở Scandinavia cổ đại và có nhân vật chính của loạt phim, Kratos, và cậu con trai tuổi teen Atreus. Kết thúc kỷ nguyên Bắc Âu của bộ truyện, trò chơi đề cập đến Ragnarök , sự kiện cánh chung là trung tâm của thần thoại Bắc Âu và được báo trước là sẽ xảy ra trong trò chơi trước sau khi Kratos giết thần Aesir Baldur .', '', 'God of War Ragnarök là một trò chơi phiêu lưu hành động được phát triển bởi Santa Monica Studio và được xuất bản bởi Sony Interactive Entertainment . Nó được phát hành trên toàn thế giới vào ngày 9 tháng 11 năm 2022, cho PlayStation 4 và PlayStation 5 , đánh dấu bản phát hành đa thế hệ đầu tiên trong sê -ri God of War . Đây là phần thứ chín trong sê-ri, thứ chín theo trình tự thời gian và là phần tiếp theo của God of War năm 2018 . Dựa trên thần thoại Bắc Âu , trò chơi lấy bối cảnh ở Scandinavia cổ đại và có nhân vật chính của loạt phim, Kratos, và cậu con trai tuổi teen Atreus. Kết thúc kỷ nguyên Bắc Âu của bộ truyện, trò chơi đề cập đến Ragnarök , sự kiện cánh chung là trung tâm của thần thoại Bắc Âu và được báo trước là sẽ xảy ra trong trò chơi trước sau khi Kratos giết thần Aesir Baldur .\r\n\r\nCách chơi tương tự như phần 2018 trước đó. Nó có tính năng chiến đấu dựa trên kết hợp , cũng như các yếu tố giải đố và nhập vai . Cách chơi đã được cải tiến so với trò chơi trước: ngoài vũ khí chính của Kratos, chiếc rìu chiến ma thuật và lưỡi kiếm hai dây của anh ta , anh ta còn có được một cây giáo ma thuật và chiếc khiên của mìnhđã trở nên linh hoạt hơn, với các loại khiên khác nhau có khả năng tấn công và phòng thủ khác nhau. Con trai của ông, Atreus, cũng như một số nhân vật khác, hỗ trợ trong chiến đấu và có thể được điều khiển một cách thụ động. Ngoài ra, và lần đầu tiên trong sê-ri, có một số nhiệm vụ câu chuyện trong đó người chơi có toàn quyền kiểm soát Atreus; cách chơi của anh ấy tương tự như Kratos, nhưng anh ấy sử dụng cây cung ma thuật làm vũ khí của mình. Ngoài ra còn có nhiều loại kẻ thù và trùm nhỏ hơn so với trò chơi trước. Ban đầu được dự kiến ​​phát hành vào năm 2021, trò chơi đã bị trì hoãn một phần do vấn đề sức khỏe của nam diễn viên Kratos Christopher Judge vào tháng 8 năm 2019 và sau đó là tác động của đại dịch COVID-19 đối với quá trình phát triển.\r\n\r\nRagnarök đã nhận được sự hoan nghênh nhiệt liệt từ các nhà phê bình và được khen ngợi về cách kể chuyện, nhân vật, hình ảnh, thiết kế cấp độ, âm nhạc và những cải tiến tổng thể về lối chơi so với người tiền nhiệm. Nó đã giành giải Trò chơi của năm tại Giải thưởng Titanium và được đề cử cho giải thưởng tương tự tại The Game Awards 2022 , nơi nó giành giải Câu chuyện hay nhất, Hành động/Phiêu lưu hay nhất và Đổi mới trong Khả năng tiếp cận , cùng các giải thưởng và đề cử khác. Nó cũng đã giành giải Trò chơi phiêu lưu của năm tại Giải thưởng DICE hàng năm lần thứ 26 . Nó đã nhận được mười bốn đề cử hàng đầu tại Giải thưởng trò chơi của Viện Hàn lâm Anh lần thứ 19 , nhiều đề cử nhất cho bất kỳ trò chơi nào trong lịch sử của giải thưởng BAFTA.[2] Trò chơi đã thành công về mặt thương mại, bán được 5,1 triệu bản trong tuần đầu tiên, trở thành trò chơi của bên thứ nhất bán chạy nhất trong lịch sử PlayStation . Đến đầu tháng 2 năm 2023, 11 triệu bản trò chơi đã được bán.'),
(26, 9, 1, 'Playstation 4 ', '', '', '/uploads/products/ps4_standard.jpg', 'Gần cuối Fimbulwinter, Kratos và Atreus trở về nhà—chống lại cuộc phục kích của Freya đầy thù hận—để tìm con sói Fenrir của họ trong những giây phút cuối cùng. Sự đau buồn của Atreus biến anh ta thành một con gấu thông qua phép thuật thần thánh và Người khổng lồ vẫn chưa được kiểm soát của mình, chiến đấu với Kratos trong một thời gian ngắn trước khi anh ta tỉnh lại. Thor đến cùng với Odin, người đề nghị để họ yên nếu Atreus từ bỏ cuộc tìm kiếm bí mật cho Týr. Kratos từ chối và đấu với Thor đến bế tắc, nhưng Odin nói với Atreus rằng anh ta sẽ để Kratos yên nếu người trước đến Asgard. Kratos, Atreus và Mímir trú ẩn tại quê hương của Sindri Yggdrasil , ở vương quốc giữa các cõi.\r\n\r\nAtreus thừa nhận anh và Sindri đã tìm kiếm manh mối về tung tích của Týr. Kratos miễn cưỡng đồng ý giúp Atreus; họ đến Svartalfheim và giải cứu Týr theo chủ nghĩa hòa bình. Cả nhóm đi đến đền thờ của Gróa ở Alfheim để hiểu lời tiên tri liên quan đến Ragnarök, và biết được Gróa đã nói dối: chỉ có Asgard là bị hủy diệt nhưng tất cả các vương quốc khác đều tồn tại dưới quyền của một nhà vô địch mới, ngụ ý là Atreus sử dụng tên Loki.\r\n\r\nKratos và Atreus tranh luận về định mệnh được cho là của Atreus. Đêm đó, Atreus được chuyển đến Jötunheim một cách kỳ diệu, nơi anh gặp Nữ thần khổng lồ Angrboda, người đã cho anh xem một bức tranh tường [b] báo trước cái chết của Kratos ở Ragnarök và Atreus phục vụ Odin. Atreus biết được những Người khổng lồ đã chuyển linh hồn của họ thành những viên đá tâm linh; anh ta được giao cho họ và đặt linh hồn của Người khổng lồ vào cơ thể của một con rắn. Atreus trở lại Midgard, nơi anh và Kratos bị Freya tấn công. Cô ấy đồng ý tha cho Kratos nếu anh ấy giúp cô ấy phá bỏ lời nguyền ràng buộc cô ấy với Midgard—cô ấy phá vỡ nó bằng cách biến thành một con chim ưng. Tại Vanaheim, nơi Freyr, anh trai bị ghẻ lạnh của Freya, lãnh đạo cuộc kháng chiến chống lại Odin, Kratos mở lòng với Freya về cái chết của gia đình đầu tiên của anh ta ở Hy Lạpvà sự trống rỗng của sự trả thù. Sau khi phá bỏ lời nguyền, Freya và Kratos làm lành.\r\n\r\nKratos và Atreus tranh cãi về hành vi gian dối của Atreus; Atreus chạy trốn đến Asgard để tìm cách ngăn chặn cái chết của Kratos. Odin yêu cầu sự giúp đỡ của anh ấy trong việc ngăn chặn Ragnarök bằng cách lắp ráp lại một chiếc mặt nạ cổ xưa được cho là có thể cung cấp kiến ​​​​thức vô hạn. Trong khi đó, Kratos, Freya và Mímir đến thăm Norns, những người nói rằng Heimdall định giết Atreus. Kratos và Brok rèn chiếc nhẫn Draupnir thành một cây thương mạnh mẽ, có khả năng gây sát thương cho Heimdall. Ở Helheim, Atreus thả con sói khổng lồ vô hồn Garm, người bắt đầu xé toạc các cõi. Sau khi đoàn tụ với Kratos, Atreus, nhận ra linh hồn của Fenrir bị ràng buộc vào con dao của mình khi anh ta chết, đã hồi sinh Fenrir bằng cách chuyển linh hồn của anh ta vào Garm. Kratos và Atreus sau đó hòa giải. Cùng với Mímir và Freya, họ quay trở lại Vanaheim để giải cứu Freyr khỏi Aesir. Kratos buộc phải giết Heimdall và yêu cầu Gjallarhorn, khiến Ragnarök chuyển động.\r\n\r\nAtreus thâm nhập vào Asgard và đánh cắp chiếc mặt nạ. Tại nơi ẩn náu, Týr đồng ý chiến đấu; nghi ngờ về sự thay đổi trái tim của Týr, Brok nhận ra rằng anh ấy đang gọi Atreus là \"Loki\", giống như người Asgardians. Týr đâm chết Brok, tiết lộ rằng anh ta từng là Odin cải trang. Cả nhóm đuổi anh ta đi nhưng Sindri đau buồn đổ lỗi cho Atreus về cái chết của Brok và bỏ nhóm. Atreus và Kratos cam kết với Ragnarök, tiến vào Muspelheim để giúp Surtr đạt được dạng nguyên thủy định mệnh sẽ hủy diệt Asgard.\r\n\r\nCác lực lượng thống nhất của các vương quốc tập hợp dưới sự lãnh đạo của Kratos; anh ta âm thanh Gjallarhorn để bắt đầu cuộc bao vây Asgard. Trận chiến bắt đầu không tốt; Yêu tinh và Vanir đấu tranh với hàng phòng thủ của Asgard, Sindri đến một mình để tránh thêm cái chết của người lùn, và quân đội buộc phải giải cứu những người tị nạn Midgardian vô tội. Tuy nhiên, tình thế thay đổi khi Angrboda đến cùng Fenrir và con rắn Atreus được cứu, giờ đã trưởng thành hoàn toàn thành Jörmungandr , kẻ đã đánh lạc hướng Thor trong khi Sindri phá hủy bức tường bảo vệ của Asgard. Thrúd và Sif đào thoát sau khi phát hiện ra Odin sử dụng những người tị nạn làm lá chắn. Thor đánh bật Jörmungandr ngược thời gianvà giao chiến với Kratos, nhưng được thuyết phục đứng xuống để giúp đỡ gia đình anh ta, nhưng bị Odin giết vì không tuân theo. Kratos, Atreus, Freya và Mímir chế ngự và đánh bại Odin; Atreus phá vỡ chiếc mặt nạ và nhốt linh hồn của Odin trong một viên đá tâm linh, thứ mà Sindri đầy thù hận đã đập vỡ. Freyr hy sinh bản thân để mọi người có thể chạy trốn khi Surtr hủy diệt Asgard.\r\n\r\nTại Midgard, Atreus gặp lại Angrboda, người đã cho anh và Kratos xem bức tranh tường mà Faye đã phá hủy để họ có thể tự quyết định số phận của mình. Atreus quyết tâm tìm kiếm những Người khổng lồ còn sống sót ở những vùng đất khác, và gửi lời tạm biệt chân thành đến Kratos. Kratos phát hiện ra một bức tranh tường mô tả anh ta như một vị thần hòa bình được tôn kính. Anh ta tuyển dụng Freya và Mímir để xây dựng lại và khôi phục hòa bình. Einherjar của Asgard bị quét sạch, Freya giết chết Nữ hoàng Valkyrie đầy thù hận Gná và lấy lại áo choàng của cô ta, Aesir chuyển đến Vanaheim và đạt được hòa bình với Vanir, Thrúd sử dụng Mjölnir để tôn vinh Thor, còn Týr thực sự được giải thoát ở Niflheim. Trong đoạn kết bí mật, Kratos, Freya, Mímir và Sindri không khoan nhượng tham dự đám tang của Brok ở Svartalfheim.', '', 'ps4_console', 'console', 1, 5, '2023-03-10 06:13:00', '2023-04-28 07:36:23', 0, 100, 199, 'released', 'NOVEMBER 15, 2013', 'playstation-4-fat', '', 'God of War Ragnarök là một trò chơi phiêu lưu hành động được phát triển bởi Santa Monica Studio và được xuất bản bởi Sony Interactive Entertainment . Nó được phát hành trên toàn thế giới vào ngày 9 tháng 11 năm 2022, cho PlayStation 4 và PlayStation 5 , đánh dấu bản phát hành đa thế hệ đầu tiên trong sê -ri God of War . Đây là phần thứ chín trong sê-ri, thứ chín theo trình tự thời gian và là phần tiếp theo của God of War năm 2018 . Dựa trên thần thoại Bắc Âu , trò chơi lấy bối cảnh ở Scandinavia cổ đại và có nhân vật chính của loạt phim, Kratos, và cậu con trai tuổi teen Atreus. Kết thúc kỷ nguyên Bắc Âu của bộ truyện, trò chơi đề cập đến Ragnarök , sự kiện cánh chung là trung tâm của thần thoại Bắc Âu và được báo trước là sẽ xảy ra trong trò chơi trước sau khi Kratos giết thần Aesir Baldur .', '', 'God of War Ragnarök là một trò chơi phiêu lưu hành động được phát triển bởi Santa Monica Studio và được xuất bản bởi Sony Interactive Entertainment . Nó được phát hành trên toàn thế giới vào ngày 9 tháng 11 năm 2022, cho PlayStation 4 và PlayStation 5 , đánh dấu bản phát hành đa thế hệ đầu tiên trong sê -ri God of War . Đây là phần thứ chín trong sê-ri, thứ chín theo trình tự thời gian và là phần tiếp theo của God of War năm 2018 . Dựa trên thần thoại Bắc Âu , trò chơi lấy bối cảnh ở Scandinavia cổ đại và có nhân vật chính của loạt phim, Kratos, và cậu con trai tuổi teen Atreus. Kết thúc kỷ nguyên Bắc Âu của bộ truyện, trò chơi đề cập đến Ragnarök , sự kiện cánh chung là trung tâm của thần thoại Bắc Âu và được báo trước là sẽ xảy ra trong trò chơi trước sau khi Kratos giết thần Aesir Baldur .\r\n\r\nCách chơi tương tự như phần 2018 trước đó. Nó có tính năng chiến đấu dựa trên kết hợp , cũng như các yếu tố giải đố và nhập vai . Cách chơi đã được cải tiến so với trò chơi trước: ngoài vũ khí chính của Kratos, chiếc rìu chiến ma thuật và lưỡi kiếm hai dây của anh ta , anh ta còn có được một cây giáo ma thuật và chiếc khiên của mìnhđã trở nên linh hoạt hơn, với các loại khiên khác nhau có khả năng tấn công và phòng thủ khác nhau. Con trai của ông, Atreus, cũng như một số nhân vật khác, hỗ trợ trong chiến đấu và có thể được điều khiển một cách thụ động. Ngoài ra, và lần đầu tiên trong sê-ri, có một số nhiệm vụ câu chuyện trong đó người chơi có toàn quyền kiểm soát Atreus; cách chơi của anh ấy tương tự như Kratos, nhưng anh ấy sử dụng cây cung ma thuật làm vũ khí của mình. Ngoài ra còn có nhiều loại kẻ thù và trùm nhỏ hơn so với trò chơi trước. Ban đầu được dự kiến ​​phát hành vào năm 2021, trò chơi đã bị trì hoãn một phần do vấn đề sức khỏe của nam diễn viên Kratos Christopher Judge vào tháng 8 năm 2019 và sau đó là tác động của đại dịch COVID-19 đối với quá trình phát triển.\r\n\r\nRagnarök đã nhận được sự hoan nghênh nhiệt liệt từ các nhà phê bình và được khen ngợi về cách kể chuyện, nhân vật, hình ảnh, thiết kế cấp độ, âm nhạc và những cải tiến tổng thể về lối chơi so với người tiền nhiệm. Nó đã giành giải Trò chơi của năm tại Giải thưởng Titanium và được đề cử cho giải thưởng tương tự tại The Game Awards 2022 , nơi nó giành giải Câu chuyện hay nhất, Hành động/Phiêu lưu hay nhất và Đổi mới trong Khả năng tiếp cận , cùng các giải thưởng và đề cử khác. Nó cũng đã giành giải Trò chơi phiêu lưu của năm tại Giải thưởng DICE hàng năm lần thứ 26 . Nó đã nhận được mười bốn đề cử hàng đầu tại Giải thưởng trò chơi của Viện Hàn lâm Anh lần thứ 19 , nhiều đề cử nhất cho bất kỳ trò chơi nào trong lịch sử của giải thưởng BAFTA.[2] Trò chơi đã thành công về mặt thương mại, bán được 5,1 triệu bản trong tuần đầu tiên, trở thành trò chơi của bên thứ nhất bán chạy nhất trong lịch sử PlayStation . Đến đầu tháng 2 năm 2023, 11 triệu bản trò chơi đã được bán.');
INSERT INTO `products` (`id`, `category_id`, `supplier_id`, `name`, `namepre`, `nameprelast`, `image`, `summary`, `content`, `platforms`, `kind`, `status`, `rate`, `created_at`, `updated_at`, `sku`, `qty`, `price`, `launch_date`, `release_day`, `alias`, `keyword`, `desc`, `imgshare`, `title`) VALUES
(27, 9, 1, 'Playstation 4 Slim', '', '', '/uploads/products/ps4_slim.jpg', 'Gần cuối Fimbulwinter, Kratos và Atreus trở về nhà—chống lại cuộc phục kích của Freya đầy thù hận—để tìm con sói Fenrir của họ trong những giây phút cuối cùng. Sự đau buồn của Atreus biến anh ta thành một con gấu thông qua phép thuật thần thánh và Người khổng lồ vẫn chưa được kiểm soát của mình, chiến đấu với Kratos trong một thời gian ngắn trước khi anh ta tỉnh lại. Thor đến cùng với Odin, người đề nghị để họ yên nếu Atreus từ bỏ cuộc tìm kiếm bí mật cho Týr. Kratos từ chối và đấu với Thor đến bế tắc, nhưng Odin nói với Atreus rằng anh ta sẽ để Kratos yên nếu người trước đến Asgard. Kratos, Atreus và Mímir trú ẩn tại quê hương của Sindri Yggdrasil , ở vương quốc giữa các cõi.\r\n\r\nAtreus thừa nhận anh và Sindri đã tìm kiếm manh mối về tung tích của Týr. Kratos miễn cưỡng đồng ý giúp Atreus; họ đến Svartalfheim và giải cứu Týr theo chủ nghĩa hòa bình. Cả nhóm đi đến đền thờ của Gróa ở Alfheim để hiểu lời tiên tri liên quan đến Ragnarök, và biết được Gróa đã nói dối: chỉ có Asgard là bị hủy diệt nhưng tất cả các vương quốc khác đều tồn tại dưới quyền của một nhà vô địch mới, ngụ ý là Atreus sử dụng tên Loki.\r\n\r\nKratos và Atreus tranh luận về định mệnh được cho là của Atreus. Đêm đó, Atreus được chuyển đến Jötunheim một cách kỳ diệu, nơi anh gặp Nữ thần khổng lồ Angrboda, người đã cho anh xem một bức tranh tường [b] báo trước cái chết của Kratos ở Ragnarök và Atreus phục vụ Odin. Atreus biết được những Người khổng lồ đã chuyển linh hồn của họ thành những viên đá tâm linh; anh ta được giao cho họ và đặt linh hồn của Người khổng lồ vào cơ thể của một con rắn. Atreus trở lại Midgard, nơi anh và Kratos bị Freya tấn công. Cô ấy đồng ý tha cho Kratos nếu anh ấy giúp cô ấy phá bỏ lời nguyền ràng buộc cô ấy với Midgard—cô ấy phá vỡ nó bằng cách biến thành một con chim ưng. Tại Vanaheim, nơi Freyr, anh trai bị ghẻ lạnh của Freya, lãnh đạo cuộc kháng chiến chống lại Odin, Kratos mở lòng với Freya về cái chết của gia đình đầu tiên của anh ta ở Hy Lạpvà sự trống rỗng của sự trả thù. Sau khi phá bỏ lời nguyền, Freya và Kratos làm lành.\r\n\r\nKratos và Atreus tranh cãi về hành vi gian dối của Atreus; Atreus chạy trốn đến Asgard để tìm cách ngăn chặn cái chết của Kratos. Odin yêu cầu sự giúp đỡ của anh ấy trong việc ngăn chặn Ragnarök bằng cách lắp ráp lại một chiếc mặt nạ cổ xưa được cho là có thể cung cấp kiến ​​​​thức vô hạn. Trong khi đó, Kratos, Freya và Mímir đến thăm Norns, những người nói rằng Heimdall định giết Atreus. Kratos và Brok rèn chiếc nhẫn Draupnir thành một cây thương mạnh mẽ, có khả năng gây sát thương cho Heimdall. Ở Helheim, Atreus thả con sói khổng lồ vô hồn Garm, người bắt đầu xé toạc các cõi. Sau khi đoàn tụ với Kratos, Atreus, nhận ra linh hồn của Fenrir bị ràng buộc vào con dao của mình khi anh ta chết, đã hồi sinh Fenrir bằng cách chuyển linh hồn của anh ta vào Garm. Kratos và Atreus sau đó hòa giải. Cùng với Mímir và Freya, họ quay trở lại Vanaheim để giải cứu Freyr khỏi Aesir. Kratos buộc phải giết Heimdall và yêu cầu Gjallarhorn, khiến Ragnarök chuyển động.\r\n\r\nAtreus thâm nhập vào Asgard và đánh cắp chiếc mặt nạ. Tại nơi ẩn náu, Týr đồng ý chiến đấu; nghi ngờ về sự thay đổi trái tim của Týr, Brok nhận ra rằng anh ấy đang gọi Atreus là \"Loki\", giống như người Asgardians. Týr đâm chết Brok, tiết lộ rằng anh ta từng là Odin cải trang. Cả nhóm đuổi anh ta đi nhưng Sindri đau buồn đổ lỗi cho Atreus về cái chết của Brok và bỏ nhóm. Atreus và Kratos cam kết với Ragnarök, tiến vào Muspelheim để giúp Surtr đạt được dạng nguyên thủy định mệnh sẽ hủy diệt Asgard.\r\n\r\nCác lực lượng thống nhất của các vương quốc tập hợp dưới sự lãnh đạo của Kratos; anh ta âm thanh Gjallarhorn để bắt đầu cuộc bao vây Asgard. Trận chiến bắt đầu không tốt; Yêu tinh và Vanir đấu tranh với hàng phòng thủ của Asgard, Sindri đến một mình để tránh thêm cái chết của người lùn, và quân đội buộc phải giải cứu những người tị nạn Midgardian vô tội. Tuy nhiên, tình thế thay đổi khi Angrboda đến cùng Fenrir và con rắn Atreus được cứu, giờ đã trưởng thành hoàn toàn thành Jörmungandr , kẻ đã đánh lạc hướng Thor trong khi Sindri phá hủy bức tường bảo vệ của Asgard. Thrúd và Sif đào thoát sau khi phát hiện ra Odin sử dụng những người tị nạn làm lá chắn. Thor đánh bật Jörmungandr ngược thời gianvà giao chiến với Kratos, nhưng được thuyết phục đứng xuống để giúp đỡ gia đình anh ta, nhưng bị Odin giết vì không tuân theo. Kratos, Atreus, Freya và Mímir chế ngự và đánh bại Odin; Atreus phá vỡ chiếc mặt nạ và nhốt linh hồn của Odin trong một viên đá tâm linh, thứ mà Sindri đầy thù hận đã đập vỡ. Freyr hy sinh bản thân để mọi người có thể chạy trốn khi Surtr hủy diệt Asgard.\r\n\r\nTại Midgard, Atreus gặp lại Angrboda, người đã cho anh và Kratos xem bức tranh tường mà Faye đã phá hủy để họ có thể tự quyết định số phận của mình. Atreus quyết tâm tìm kiếm những Người khổng lồ còn sống sót ở những vùng đất khác, và gửi lời tạm biệt chân thành đến Kratos. Kratos phát hiện ra một bức tranh tường mô tả anh ta như một vị thần hòa bình được tôn kính. Anh ta tuyển dụng Freya và Mímir để xây dựng lại và khôi phục hòa bình. Einherjar của Asgard bị quét sạch, Freya giết chết Nữ hoàng Valkyrie đầy thù hận Gná và lấy lại áo choàng của cô ta, Aesir chuyển đến Vanaheim và đạt được hòa bình với Vanir, Thrúd sử dụng Mjölnir để tôn vinh Thor, còn Týr thực sự được giải thoát ở Niflheim. Trong đoạn kết bí mật, Kratos, Freya, Mímir và Sindri không khoan nhượng tham dự đám tang của Brok ở Svartalfheim.', '', 'ps4_console', 'console', 1, 5, '2023-03-10 06:13:00', '2023-04-28 07:36:27', 0, 100, 299, 'released', 'SEPTEMBER 15, 2016', 'playstation-4-slim', '', 'God of War Ragnarök là một trò chơi phiêu lưu hành động được phát triển bởi Santa Monica Studio và được xuất bản bởi Sony Interactive Entertainment . Nó được phát hành trên toàn thế giới vào ngày 9 tháng 11 năm 2022, cho PlayStation 4 và PlayStation 5 , đánh dấu bản phát hành đa thế hệ đầu tiên trong sê -ri God of War . Đây là phần thứ chín trong sê-ri, thứ chín theo trình tự thời gian và là phần tiếp theo của God of War năm 2018 . Dựa trên thần thoại Bắc Âu , trò chơi lấy bối cảnh ở Scandinavia cổ đại và có nhân vật chính của loạt phim, Kratos, và cậu con trai tuổi teen Atreus. Kết thúc kỷ nguyên Bắc Âu của bộ truyện, trò chơi đề cập đến Ragnarök , sự kiện cánh chung là trung tâm của thần thoại Bắc Âu và được báo trước là sẽ xảy ra trong trò chơi trước sau khi Kratos giết thần Aesir Baldur .', '', 'God of War Ragnarök là một trò chơi phiêu lưu hành động được phát triển bởi Santa Monica Studio và được xuất bản bởi Sony Interactive Entertainment . Nó được phát hành trên toàn thế giới vào ngày 9 tháng 11 năm 2022, cho PlayStation 4 và PlayStation 5 , đánh dấu bản phát hành đa thế hệ đầu tiên trong sê -ri God of War . Đây là phần thứ chín trong sê-ri, thứ chín theo trình tự thời gian và là phần tiếp theo của God of War năm 2018 . Dựa trên thần thoại Bắc Âu , trò chơi lấy bối cảnh ở Scandinavia cổ đại và có nhân vật chính của loạt phim, Kratos, và cậu con trai tuổi teen Atreus. Kết thúc kỷ nguyên Bắc Âu của bộ truyện, trò chơi đề cập đến Ragnarök , sự kiện cánh chung là trung tâm của thần thoại Bắc Âu và được báo trước là sẽ xảy ra trong trò chơi trước sau khi Kratos giết thần Aesir Baldur .\r\n\r\nCách chơi tương tự như phần 2018 trước đó. Nó có tính năng chiến đấu dựa trên kết hợp , cũng như các yếu tố giải đố và nhập vai . Cách chơi đã được cải tiến so với trò chơi trước: ngoài vũ khí chính của Kratos, chiếc rìu chiến ma thuật và lưỡi kiếm hai dây của anh ta , anh ta còn có được một cây giáo ma thuật và chiếc khiên của mìnhđã trở nên linh hoạt hơn, với các loại khiên khác nhau có khả năng tấn công và phòng thủ khác nhau. Con trai của ông, Atreus, cũng như một số nhân vật khác, hỗ trợ trong chiến đấu và có thể được điều khiển một cách thụ động. Ngoài ra, và lần đầu tiên trong sê-ri, có một số nhiệm vụ câu chuyện trong đó người chơi có toàn quyền kiểm soát Atreus; cách chơi của anh ấy tương tự như Kratos, nhưng anh ấy sử dụng cây cung ma thuật làm vũ khí của mình. Ngoài ra còn có nhiều loại kẻ thù và trùm nhỏ hơn so với trò chơi trước. Ban đầu được dự kiến ​​phát hành vào năm 2021, trò chơi đã bị trì hoãn một phần do vấn đề sức khỏe của nam diễn viên Kratos Christopher Judge vào tháng 8 năm 2019 và sau đó là tác động của đại dịch COVID-19 đối với quá trình phát triển.\r\n\r\nRagnarök đã nhận được sự hoan nghênh nhiệt liệt từ các nhà phê bình và được khen ngợi về cách kể chuyện, nhân vật, hình ảnh, thiết kế cấp độ, âm nhạc và những cải tiến tổng thể về lối chơi so với người tiền nhiệm. Nó đã giành giải Trò chơi của năm tại Giải thưởng Titanium và được đề cử cho giải thưởng tương tự tại The Game Awards 2022 , nơi nó giành giải Câu chuyện hay nhất, Hành động/Phiêu lưu hay nhất và Đổi mới trong Khả năng tiếp cận , cùng các giải thưởng và đề cử khác. Nó cũng đã giành giải Trò chơi phiêu lưu của năm tại Giải thưởng DICE hàng năm lần thứ 26 . Nó đã nhận được mười bốn đề cử hàng đầu tại Giải thưởng trò chơi của Viện Hàn lâm Anh lần thứ 19 , nhiều đề cử nhất cho bất kỳ trò chơi nào trong lịch sử của giải thưởng BAFTA.[2] Trò chơi đã thành công về mặt thương mại, bán được 5,1 triệu bản trong tuần đầu tiên, trở thành trò chơi của bên thứ nhất bán chạy nhất trong lịch sử PlayStation . Đến đầu tháng 2 năm 2023, 11 triệu bản trò chơi đã được bán.'),
(28, 9, 1, 'Playstation 4 Pro', '', '', '/uploads/products/ps4_pro.jpg', 'Gần cuối Fimbulwinter, Kratos và Atreus trở về nhà—chống lại cuộc phục kích của Freya đầy thù hận—để tìm con sói Fenrir của họ trong những giây phút cuối cùng. Sự đau buồn của Atreus biến anh ta thành một con gấu thông qua phép thuật thần thánh và Người khổng lồ vẫn chưa được kiểm soát của mình, chiến đấu với Kratos trong một thời gian ngắn trước khi anh ta tỉnh lại. Thor đến cùng với Odin, người đề nghị để họ yên nếu Atreus từ bỏ cuộc tìm kiếm bí mật cho Týr. Kratos từ chối và đấu với Thor đến bế tắc, nhưng Odin nói với Atreus rằng anh ta sẽ để Kratos yên nếu người trước đến Asgard. Kratos, Atreus và Mímir trú ẩn tại quê hương của Sindri Yggdrasil , ở vương quốc giữa các cõi.\r\n\r\nAtreus thừa nhận anh và Sindri đã tìm kiếm manh mối về tung tích của Týr. Kratos miễn cưỡng đồng ý giúp Atreus; họ đến Svartalfheim và giải cứu Týr theo chủ nghĩa hòa bình. Cả nhóm đi đến đền thờ của Gróa ở Alfheim để hiểu lời tiên tri liên quan đến Ragnarök, và biết được Gróa đã nói dối: chỉ có Asgard là bị hủy diệt nhưng tất cả các vương quốc khác đều tồn tại dưới quyền của một nhà vô địch mới, ngụ ý là Atreus sử dụng tên Loki.\r\n\r\nKratos và Atreus tranh luận về định mệnh được cho là của Atreus. Đêm đó, Atreus được chuyển đến Jötunheim một cách kỳ diệu, nơi anh gặp Nữ thần khổng lồ Angrboda, người đã cho anh xem một bức tranh tường [b] báo trước cái chết của Kratos ở Ragnarök và Atreus phục vụ Odin. Atreus biết được những Người khổng lồ đã chuyển linh hồn của họ thành những viên đá tâm linh; anh ta được giao cho họ và đặt linh hồn của Người khổng lồ vào cơ thể của một con rắn. Atreus trở lại Midgard, nơi anh và Kratos bị Freya tấn công. Cô ấy đồng ý tha cho Kratos nếu anh ấy giúp cô ấy phá bỏ lời nguyền ràng buộc cô ấy với Midgard—cô ấy phá vỡ nó bằng cách biến thành một con chim ưng. Tại Vanaheim, nơi Freyr, anh trai bị ghẻ lạnh của Freya, lãnh đạo cuộc kháng chiến chống lại Odin, Kratos mở lòng với Freya về cái chết của gia đình đầu tiên của anh ta ở Hy Lạpvà sự trống rỗng của sự trả thù. Sau khi phá bỏ lời nguyền, Freya và Kratos làm lành.\r\n\r\nKratos và Atreus tranh cãi về hành vi gian dối của Atreus; Atreus chạy trốn đến Asgard để tìm cách ngăn chặn cái chết của Kratos. Odin yêu cầu sự giúp đỡ của anh ấy trong việc ngăn chặn Ragnarök bằng cách lắp ráp lại một chiếc mặt nạ cổ xưa được cho là có thể cung cấp kiến ​​​​thức vô hạn. Trong khi đó, Kratos, Freya và Mímir đến thăm Norns, những người nói rằng Heimdall định giết Atreus. Kratos và Brok rèn chiếc nhẫn Draupnir thành một cây thương mạnh mẽ, có khả năng gây sát thương cho Heimdall. Ở Helheim, Atreus thả con sói khổng lồ vô hồn Garm, người bắt đầu xé toạc các cõi. Sau khi đoàn tụ với Kratos, Atreus, nhận ra linh hồn của Fenrir bị ràng buộc vào con dao của mình khi anh ta chết, đã hồi sinh Fenrir bằng cách chuyển linh hồn của anh ta vào Garm. Kratos và Atreus sau đó hòa giải. Cùng với Mímir và Freya, họ quay trở lại Vanaheim để giải cứu Freyr khỏi Aesir. Kratos buộc phải giết Heimdall và yêu cầu Gjallarhorn, khiến Ragnarök chuyển động.\r\n\r\nAtreus thâm nhập vào Asgard và đánh cắp chiếc mặt nạ. Tại nơi ẩn náu, Týr đồng ý chiến đấu; nghi ngờ về sự thay đổi trái tim của Týr, Brok nhận ra rằng anh ấy đang gọi Atreus là \"Loki\", giống như người Asgardians. Týr đâm chết Brok, tiết lộ rằng anh ta từng là Odin cải trang. Cả nhóm đuổi anh ta đi nhưng Sindri đau buồn đổ lỗi cho Atreus về cái chết của Brok và bỏ nhóm. Atreus và Kratos cam kết với Ragnarök, tiến vào Muspelheim để giúp Surtr đạt được dạng nguyên thủy định mệnh sẽ hủy diệt Asgard.\r\n\r\nCác lực lượng thống nhất của các vương quốc tập hợp dưới sự lãnh đạo của Kratos; anh ta âm thanh Gjallarhorn để bắt đầu cuộc bao vây Asgard. Trận chiến bắt đầu không tốt; Yêu tinh và Vanir đấu tranh với hàng phòng thủ của Asgard, Sindri đến một mình để tránh thêm cái chết của người lùn, và quân đội buộc phải giải cứu những người tị nạn Midgardian vô tội. Tuy nhiên, tình thế thay đổi khi Angrboda đến cùng Fenrir và con rắn Atreus được cứu, giờ đã trưởng thành hoàn toàn thành Jörmungandr , kẻ đã đánh lạc hướng Thor trong khi Sindri phá hủy bức tường bảo vệ của Asgard. Thrúd và Sif đào thoát sau khi phát hiện ra Odin sử dụng những người tị nạn làm lá chắn. Thor đánh bật Jörmungandr ngược thời gianvà giao chiến với Kratos, nhưng được thuyết phục đứng xuống để giúp đỡ gia đình anh ta, nhưng bị Odin giết vì không tuân theo. Kratos, Atreus, Freya và Mímir chế ngự và đánh bại Odin; Atreus phá vỡ chiếc mặt nạ và nhốt linh hồn của Odin trong một viên đá tâm linh, thứ mà Sindri đầy thù hận đã đập vỡ. Freyr hy sinh bản thân để mọi người có thể chạy trốn khi Surtr hủy diệt Asgard.\r\n\r\nTại Midgard, Atreus gặp lại Angrboda, người đã cho anh và Kratos xem bức tranh tường mà Faye đã phá hủy để họ có thể tự quyết định số phận của mình. Atreus quyết tâm tìm kiếm những Người khổng lồ còn sống sót ở những vùng đất khác, và gửi lời tạm biệt chân thành đến Kratos. Kratos phát hiện ra một bức tranh tường mô tả anh ta như một vị thần hòa bình được tôn kính. Anh ta tuyển dụng Freya và Mímir để xây dựng lại và khôi phục hòa bình. Einherjar của Asgard bị quét sạch, Freya giết chết Nữ hoàng Valkyrie đầy thù hận Gná và lấy lại áo choàng của cô ta, Aesir chuyển đến Vanaheim và đạt được hòa bình với Vanir, Thrúd sử dụng Mjölnir để tôn vinh Thor, còn Týr thực sự được giải thoát ở Niflheim. Trong đoạn kết bí mật, Kratos, Freya, Mímir và Sindri không khoan nhượng tham dự đám tang của Brok ở Svartalfheim.', '', 'ps4_console', 'console', 1, 5, '2023-03-10 06:13:00', '2023-04-28 07:36:29', 0, 100, 350, 'released', 'NOVEMBER 10, 2016', 'playstation-4-pro', '', 'God of War Ragnarök là một trò chơi phiêu lưu hành động được phát triển bởi Santa Monica Studio và được xuất bản bởi Sony Interactive Entertainment . Nó được phát hành trên toàn thế giới vào ngày 9 tháng 11 năm 2022, cho PlayStation 4 và PlayStation 5 , đánh dấu bản phát hành đa thế hệ đầu tiên trong sê -ri God of War . Đây là phần thứ chín trong sê-ri, thứ chín theo trình tự thời gian và là phần tiếp theo của God of War năm 2018 . Dựa trên thần thoại Bắc Âu , trò chơi lấy bối cảnh ở Scandinavia cổ đại và có nhân vật chính của loạt phim, Kratos, và cậu con trai tuổi teen Atreus. Kết thúc kỷ nguyên Bắc Âu của bộ truyện, trò chơi đề cập đến Ragnarök , sự kiện cánh chung là trung tâm của thần thoại Bắc Âu và được báo trước là sẽ xảy ra trong trò chơi trước sau khi Kratos giết thần Aesir Baldur .', '', 'God of War Ragnarök là một trò chơi phiêu lưu hành động được phát triển bởi Santa Monica Studio và được xuất bản bởi Sony Interactive Entertainment . Nó được phát hành trên toàn thế giới vào ngày 9 tháng 11 năm 2022, cho PlayStation 4 và PlayStation 5 , đánh dấu bản phát hành đa thế hệ đầu tiên trong sê -ri God of War . Đây là phần thứ chín trong sê-ri, thứ chín theo trình tự thời gian và là phần tiếp theo của God of War năm 2018 . Dựa trên thần thoại Bắc Âu , trò chơi lấy bối cảnh ở Scandinavia cổ đại và có nhân vật chính của loạt phim, Kratos, và cậu con trai tuổi teen Atreus. Kết thúc kỷ nguyên Bắc Âu của bộ truyện, trò chơi đề cập đến Ragnarök , sự kiện cánh chung là trung tâm của thần thoại Bắc Âu và được báo trước là sẽ xảy ra trong trò chơi trước sau khi Kratos giết thần Aesir Baldur .\r\n\r\nCách chơi tương tự như phần 2018 trước đó. Nó có tính năng chiến đấu dựa trên kết hợp , cũng như các yếu tố giải đố và nhập vai . Cách chơi đã được cải tiến so với trò chơi trước: ngoài vũ khí chính của Kratos, chiếc rìu chiến ma thuật và lưỡi kiếm hai dây của anh ta , anh ta còn có được một cây giáo ma thuật và chiếc khiên của mìnhđã trở nên linh hoạt hơn, với các loại khiên khác nhau có khả năng tấn công và phòng thủ khác nhau. Con trai của ông, Atreus, cũng như một số nhân vật khác, hỗ trợ trong chiến đấu và có thể được điều khiển một cách thụ động. Ngoài ra, và lần đầu tiên trong sê-ri, có một số nhiệm vụ câu chuyện trong đó người chơi có toàn quyền kiểm soát Atreus; cách chơi của anh ấy tương tự như Kratos, nhưng anh ấy sử dụng cây cung ma thuật làm vũ khí của mình. Ngoài ra còn có nhiều loại kẻ thù và trùm nhỏ hơn so với trò chơi trước. Ban đầu được dự kiến ​​phát hành vào năm 2021, trò chơi đã bị trì hoãn một phần do vấn đề sức khỏe của nam diễn viên Kratos Christopher Judge vào tháng 8 năm 2019 và sau đó là tác động của đại dịch COVID-19 đối với quá trình phát triển.\r\n\r\nRagnarök đã nhận được sự hoan nghênh nhiệt liệt từ các nhà phê bình và được khen ngợi về cách kể chuyện, nhân vật, hình ảnh, thiết kế cấp độ, âm nhạc và những cải tiến tổng thể về lối chơi so với người tiền nhiệm. Nó đã giành giải Trò chơi của năm tại Giải thưởng Titanium và được đề cử cho giải thưởng tương tự tại The Game Awards 2022 , nơi nó giành giải Câu chuyện hay nhất, Hành động/Phiêu lưu hay nhất và Đổi mới trong Khả năng tiếp cận , cùng các giải thưởng và đề cử khác. Nó cũng đã giành giải Trò chơi phiêu lưu của năm tại Giải thưởng DICE hàng năm lần thứ 26 . Nó đã nhận được mười bốn đề cử hàng đầu tại Giải thưởng trò chơi của Viện Hàn lâm Anh lần thứ 19 , nhiều đề cử nhất cho bất kỳ trò chơi nào trong lịch sử của giải thưởng BAFTA.[2] Trò chơi đã thành công về mặt thương mại, bán được 5,1 triệu bản trong tuần đầu tiên, trở thành trò chơi của bên thứ nhất bán chạy nhất trong lịch sử PlayStation . Đến đầu tháng 2 năm 2023, 11 triệu bản trò chơi đã được bán.'),
(29, 15, 3, 'Nintendo Switch Oled', '', '', '/uploads/products/switch_oled.jpg', '', '', 'switch_console', 'console', 1, 5, '2023-03-10 06:13:00', '2023-04-28 08:21:49', 0, 100, 350, 'released', 'OCTOBER 8, 2021', 'nintendo-switch-oled', '', '', '', ''),
(30, 16, 3, 'Nintendo Switch Lite', '', '', '/uploads/products/switch_lite.jpg', '', '', 'switch_console', 'console', 1, 4, '2023-03-10 06:13:00', '2023-04-28 08:22:00', 0, 100, 200, 'released', 'SEPTEMBER 20, 2019', 'nintendo-switch-lite', '', '', '', ''),
(31, 17, 3, 'Nintendo Switch Used', '', '', '/uploads/products/switch_used.jpg', '', '', 'switch_console', 'console', 1, 4, '2023-03-10 06:13:00', '2023-04-28 08:22:06', 0, 100, 200, 'released', 'MARCH 3, 2017', 'nintendo-switch', '', '', '', ''),
(32, 12, 2, 'Xbox Series X', '', '', '/uploads/products/xbox_seires_x.webp', '', '', 'xbox_console', 'console', 1, 4, '2023-03-10 06:13:00', '2023-05-22 10:58:14', 0, 99, 499, 'released', 'NOVEMBER 10, 2020', 'xbox-series-x', '', '', '', ''),
(33, 12, 2, 'Xbox Series S', '', '', '/uploads/products/xbox_seires_s.webp', '', '', 'xbox_console', 'console', 1, 3, '2023-03-10 06:13:00', '2023-04-22 08:12:46', 0, 100, 499, 'released', 'NOVEMBER 10, 2020', 'xbox-series-s', '', '', '', ''),
(34, 7, 8, 'Final Fantasy VII Rebirth', '', '', '/uploads/products/ff7_re_rb.jpg', 'Cloud Strife là một cựu thành viên của SOLDIER - những chiến binh ưu tú của công ty điện lực Shinra. Shinra sử dụng mako, năng lượng tâm linh của hành tinh, được khai thác bởi những lò phản ứng khổng lồ, để cung cấp năng lượng cho thành phố Midgar và phát triển những công nghệ tiên tiến. Phát hiện bộ mặt thật về Shinra, và cũng vì lời thỉnh cầu của cô bạn thanh mai trúc mã Tifa Lockhart, Cloud trở thành lính đánh thuê cho nhóm Avalanche, được dẫn dắt bởi Barret Wallace, người luôn chắc nịch rằng việc khai thách mako sẽ gây ra thảm họa môi trường, nên họ đã ngăn chặn việc đó bằng cách gài bom vô các lò phản ứng. Hậu quả là Cloud đã bị ám ảnh bởi kí ức của Sephiroth, một cựu thành viên SOLDIER bí ẩn, và anh đã gặp cô gái bán hoa Aerith Gainsborough. Mặc dù Cloud dự định sẽ rời Avalanche sau khi nhận được thù lao, nhưng thực thể ma bí ẩn, thứ thường xuất hiện vào những thời điểm then chốt của trò chơi, khiến anh phải tham gia vào một vụ đánh bom lò phản ứng khác và bị tách khỏi nhóm.\r\n\r\nCloud gặp Aerith lần nữa và bảo vệ cô khỏi lực lượng của Shinra, những kẻ theo đuổi cô vì một lí do bí ẩn nào đó. Trong lúc cố gắng đoàn tụ trở lại với nhóm với sự giúp đỡ của Aerith, họ đã nhìn thấy Tifa đi vào Wall Market, một nơi nằm ngoài vòng pháp luật và họ biết được rằng cô ấy đang cố moi thông tin từ tên tội phạm đứng đầu Wall Market tên là Don Corneo, Corneo tiết lộ rằng Shinra đang tính cho \"tầng thượng lưu\" - nơi ở của những người tầng lớp cao Midgar sụp đổ xuống khu ổ chuột của Khu vực 7 để trả đũa cho sự phá hoại lò phản ứng của nhóm Avalanche. Cloud, Tifa và Baret thất bại trong việc ngăn chặn kế hoạch của Shinra, và tầng thượng lưu đã sụp đổ. Nhờ có Aerith mà hầu hết người dân đã có thể sơ tán kịp lúc, nhưng cô đã bị bọn Shinra bắt lại.\r\n\r\nTrong lúc dọn dẹp đống đổ nát từ việc tầng thượng lưu bị sụp đổ, Cloud, Tifa và Barret khám phá ra phòng nghiên cứu dưới lòng đất của bọn Shinra. Kinh hãi trước những cuộc thí nghiệm bên trong, họ đã quyết định đột nhập vào trụ sở chính của bọn Shinra và giải cứu Aerith trước khi cô phải chịu chung số phận. Aerith tiết lộ rằng cô chính là hậu duệ cuối Cetra, một chủng tộc tiền thân của con người gần tuyệt chủng đã từng sinh sống ở \"Miền đất hứa\" nơi mà bọn Shinra thèm muốn vì trữ lượng mako vô biên của nó. Nhóm cũng đã gặp một loài sinh vật giống sói biết nói tên là Red XIII, nó đã giải thích cho họ rằng những thực thể kì lạ giống như ma mà họ đã gặp phải được gọi là Whispers. Chúng tồn tại để đảm bảo rằng vận mệnh sẽ không bị thay đổi, bằng cách sửa chữa lại bất kì sự sai lệch nào trong vận mệnh. Trong lúc đó, Sephiroth đã đột nhập vào Shinra và cướp lấy một thực thể bí ẩn có tên là \"Jenova\", bằng cách nào đó có thể kết nối tới sự tuyệt chủng của Cetra.\r\n\r\nTrong một cuộc đối đầu ở trên đỉnh của trụ sở Shinra, Sephiroth đã giết chết chủ tịch của Shinra và đâm Barret, nhưng Barret đã được Whispers cứu, trong khi cả nhóm chiến đấu với ảo giác của Jenova. Với cái chết của chủ tịch Shinra, con trai ông ta Rufus nắm quyền kiểm soát tập đoàn và chiến đấu với Cloud, nhưng đã bị đánh bại. Cloud và đồng đội của cậu đã chạy trốn qua đường cao tốc Midgar, nhưng Sephiroth đã chờ họ sẵn ở cuối đường. Sephiroth đã thách thức Cloud một cách bí ẩn, mở một cánh cổng tới chiều không gian khác. Aerith bằng một cách nào đó đã thay đổi cánh cổng, nói rằng nếu họ tiếp tục họ có thể thay đổi định mệnh. Cả nhóm đi vào trong cánh cổng và chiến đấu với Whisper Harbinger, một thực thể được hình thành từ các Whisper hợp thể lại. Trong lúc chuyện này xảy ra, dường như quá khứ cũng bị nhấn chìm bởi Whisper, một SOLDIER Zack Fair chiến đấu với đội quân của Shinra đang muốn giết chết anh và Cloud.\r\n\r\nSau khi Whisper Harbinger bị đánh bại, Sephiroth xuất hiện đối mặt với nhóm, dường như đã chiếm lấy được tàn dư sức mạnh của Whisper. Cùng nhau, cả nhóm lao vào hội đồng hắn, nhưng khoảng khắc Cloud sẳn sàng để kết thúc hắn ta, Sephiroth dịch chuyển cả hai đến một cõi siêu hình mà hắn gọi là Edge of Creation. Sephiroth kêu gọi Cloud tham gia cùng hắn và cùng nhau thách thức định mệnh. Cloud từ chối và chiến đấu với Sephiroth, nhưng một chọi một với hắn thì không cửa và anh đã bị đánh bại, mặc dù Sephiroth tha chết cho anh trước khi rời đi, hắn nói một cách khó hiểu rằng anh sẽ có bảy giây để thách thức số phận.\r\n\r\nTrong lúc đó, Zack Fair đã đánh bại lực lượng của Shinra. Sau khi Cloud quay trở về nhóm, họ thống nhất với nhau rằng Sephiroth là mối đe dọa lớn hơn với hành tinh so với Shinra và cam kết sẽ truy đuổi hắn. Tuy nhiên, khi nhóm rời khỏi Midgar, Aerith đã bảy tỏ mối quan tâm về một tương lai không chắc chắn của họ.', '', 'ps5', 'game', 1, 5, '2023-03-10 07:49:47', '2023-04-28 08:53:16', 0, 100, 70, 'coming', 'N/A', 'final-fantasy-vii-rebirth', '', 'Final Fantasy VII Remake[b] là một game hành động nhập vai được hãng Square Enix đồng phát triển và phát hành cho PlayStation 4 vào ngày 10 tháng 4 năm 2020. Đây là một bản remake tựa game PlayStation năm 1997 Final Fantasy VII, kể lại câu chuyện nguyên gốc về tay lính đánh thuê Cloud Strife khi anh và nhóm khủng bố sinh thái AVALANCHE chống lại tập đoàn Shinra, và cựu binh của Shinra là Sephiroth. Lối chơi dự tính kết hợp mảng hành động thời gian thực tương tự như Dissidia Final Fantasy, và các yếu tố chiến lược, và trò chơi sẽ được phát hành dưới dạng một sê-ri nhiều phần.', '', 'Final Fantasy VII Remake[b] là một game hành động nhập vai được hãng Square Enix đồng phát triển và phát hành cho PlayStation 4 vào ngày 10 tháng 4 năm 2020. Đây là một bản remake tựa game PlayStation năm 1997 Final Fantasy VII, kể lại câu chuyện nguyên gốc về tay lính đánh thuê Cloud Strife khi anh và nhóm khủng bố sinh thái AVALANCHE chống lại tập đoàn Shinra, và cựu binh của Shinra là Sephiroth. Lối chơi dự tính kết hợp mảng hành động thời gian thực tương tự như Dissidia Final Fantasy, và các yếu tố chiến lược, và trò chơi sẽ được phát hành dưới dạng một sê-ri nhiều phần.\r\n\r\nNhững tin đồn và những đòi hỏi về việc tái tạo lại phần VII đã tồn tại trong suốt nhiều năm, nhưng nhiều lý do đã được đưa ra vì sao dự án lại không được phát triển. Ba thành viên chủ chốt ban đầu của nhóm đã trở lại để giúp đỡ Remake: nhà thiết kế nhân vật gốc Nomura Tetsuya trở lại chỉ đạo và quản lý khâu thiết kế lại nhân vật, đạo diễn bản game gốc Kitase Yoshinori đóng vai trò là nhà sản xuất, trong khi Nojima Kazushige quay trở lại đảm nhận khâu viết kịch bản. Quyết định phát hành Remake thành nhiều phần riêng được thực hiện vì vậy nhóm đã không phải cắt bất kỳ nội dung ban đầu nào. Họ cũng quyết định bổ sung thêm nội dung mới và điều chỉnh khâu thiết kế nhân vật gốc để cân bằng giữa tính hiện thực và cách điệu hóa.\r\n\r\nTrò chơi được phát hành cho PlayStation 4 vào ngày 10 tháng 4 năm 2020. Trò chơi đã nhận được những đánh giá tích cực, với những lời khen ngợi về đồ họa, lối chơi, tường thuật và âm nhạc. Các nhà phê bình hoan nghênh việc câu chuyện vẫn bám sát với trò chơi gốc năm 1997 và mở rộng thêm. Hệ thống chiến đấu được cập nhật nhận lời khen vì các yếu tố chiến thuật và sự khởi sắc về mặt đồ họa. Tuy nhiên, sự đón nhận có hỗn hợp giữa khen và chê với sự tuyến tính của trò chơi và tính chất lặp đi lặp lại của các nhiệm vụ phụ. Final Fantasy VII Remake trở thành một trong những trò chơi PlayStation 4 bán chạy nhất, bán được hơn 3,5 triệu bản trong vòng ba ngày và năm triệu bản vào cuối năm nay. Phiên bản dành cho PlayStation 5 có tên Final Fantasy VII Remake Intergrade được nâng cấp về đồ họa và thêm phần chơi cốt truyện của Yuffie, được lên kế hoạch vào tháng 6 năm 2021.'),
(35, 7, 8, 'Silent Hill 2 Remake', '', '', '/uploads/products/silent_hill_remake.jpg', 'Cloud Strife là một cựu thành viên của SOLDIER - những chiến binh ưu tú của công ty điện lực Shinra. Shinra sử dụng mako, năng lượng tâm linh của hành tinh, được khai thác bởi những lò phản ứng khổng lồ, để cung cấp năng lượng cho thành phố Midgar và phát triển những công nghệ tiên tiến. Phát hiện bộ mặt thật về Shinra, và cũng vì lời thỉnh cầu của cô bạn thanh mai trúc mã Tifa Lockhart, Cloud trở thành lính đánh thuê cho nhóm Avalanche, được dẫn dắt bởi Barret Wallace, người luôn chắc nịch rằng việc khai thách mako sẽ gây ra thảm họa môi trường, nên họ đã ngăn chặn việc đó bằng cách gài bom vô các lò phản ứng. Hậu quả là Cloud đã bị ám ảnh bởi kí ức của Sephiroth, một cựu thành viên SOLDIER bí ẩn, và anh đã gặp cô gái bán hoa Aerith Gainsborough. Mặc dù Cloud dự định sẽ rời Avalanche sau khi nhận được thù lao, nhưng thực thể ma bí ẩn, thứ thường xuất hiện vào những thời điểm then chốt của trò chơi, khiến anh phải tham gia vào một vụ đánh bom lò phản ứng khác và bị tách khỏi nhóm.\r\n\r\nCloud gặp Aerith lần nữa và bảo vệ cô khỏi lực lượng của Shinra, những kẻ theo đuổi cô vì một lí do bí ẩn nào đó. Trong lúc cố gắng đoàn tụ trở lại với nhóm với sự giúp đỡ của Aerith, họ đã nhìn thấy Tifa đi vào Wall Market, một nơi nằm ngoài vòng pháp luật và họ biết được rằng cô ấy đang cố moi thông tin từ tên tội phạm đứng đầu Wall Market tên là Don Corneo, Corneo tiết lộ rằng Shinra đang tính cho \"tầng thượng lưu\" - nơi ở của những người tầng lớp cao Midgar sụp đổ xuống khu ổ chuột của Khu vực 7 để trả đũa cho sự phá hoại lò phản ứng của nhóm Avalanche. Cloud, Tifa và Baret thất bại trong việc ngăn chặn kế hoạch của Shinra, và tầng thượng lưu đã sụp đổ. Nhờ có Aerith mà hầu hết người dân đã có thể sơ tán kịp lúc, nhưng cô đã bị bọn Shinra bắt lại.\r\n\r\nTrong lúc dọn dẹp đống đổ nát từ việc tầng thượng lưu bị sụp đổ, Cloud, Tifa và Barret khám phá ra phòng nghiên cứu dưới lòng đất của bọn Shinra. Kinh hãi trước những cuộc thí nghiệm bên trong, họ đã quyết định đột nhập vào trụ sở chính của bọn Shinra và giải cứu Aerith trước khi cô phải chịu chung số phận. Aerith tiết lộ rằng cô chính là hậu duệ cuối Cetra, một chủng tộc tiền thân của con người gần tuyệt chủng đã từng sinh sống ở \"Miền đất hứa\" nơi mà bọn Shinra thèm muốn vì trữ lượng mako vô biên của nó. Nhóm cũng đã gặp một loài sinh vật giống sói biết nói tên là Red XIII, nó đã giải thích cho họ rằng những thực thể kì lạ giống như ma mà họ đã gặp phải được gọi là Whispers. Chúng tồn tại để đảm bảo rằng vận mệnh sẽ không bị thay đổi, bằng cách sửa chữa lại bất kì sự sai lệch nào trong vận mệnh. Trong lúc đó, Sephiroth đã đột nhập vào Shinra và cướp lấy một thực thể bí ẩn có tên là \"Jenova\", bằng cách nào đó có thể kết nối tới sự tuyệt chủng của Cetra.\r\n\r\nTrong một cuộc đối đầu ở trên đỉnh của trụ sở Shinra, Sephiroth đã giết chết chủ tịch của Shinra và đâm Barret, nhưng Barret đã được Whispers cứu, trong khi cả nhóm chiến đấu với ảo giác của Jenova. Với cái chết của chủ tịch Shinra, con trai ông ta Rufus nắm quyền kiểm soát tập đoàn và chiến đấu với Cloud, nhưng đã bị đánh bại. Cloud và đồng đội của cậu đã chạy trốn qua đường cao tốc Midgar, nhưng Sephiroth đã chờ họ sẵn ở cuối đường. Sephiroth đã thách thức Cloud một cách bí ẩn, mở một cánh cổng tới chiều không gian khác. Aerith bằng một cách nào đó đã thay đổi cánh cổng, nói rằng nếu họ tiếp tục họ có thể thay đổi định mệnh. Cả nhóm đi vào trong cánh cổng và chiến đấu với Whisper Harbinger, một thực thể được hình thành từ các Whisper hợp thể lại. Trong lúc chuyện này xảy ra, dường như quá khứ cũng bị nhấn chìm bởi Whisper, một SOLDIER Zack Fair chiến đấu với đội quân của Shinra đang muốn giết chết anh và Cloud.\r\n\r\nSau khi Whisper Harbinger bị đánh bại, Sephiroth xuất hiện đối mặt với nhóm, dường như đã chiếm lấy được tàn dư sức mạnh của Whisper. Cùng nhau, cả nhóm lao vào hội đồng hắn, nhưng khoảng khắc Cloud sẳn sàng để kết thúc hắn ta, Sephiroth dịch chuyển cả hai đến một cõi siêu hình mà hắn gọi là Edge of Creation. Sephiroth kêu gọi Cloud tham gia cùng hắn và cùng nhau thách thức định mệnh. Cloud từ chối và chiến đấu với Sephiroth, nhưng một chọi một với hắn thì không cửa và anh đã bị đánh bại, mặc dù Sephiroth tha chết cho anh trước khi rời đi, hắn nói một cách khó hiểu rằng anh sẽ có bảy giây để thách thức số phận.\r\n\r\nTrong lúc đó, Zack Fair đã đánh bại lực lượng của Shinra. Sau khi Cloud quay trở về nhóm, họ thống nhất với nhau rằng Sephiroth là mối đe dọa lớn hơn với hành tinh so với Shinra và cam kết sẽ truy đuổi hắn. Tuy nhiên, khi nhóm rời khỏi Midgar, Aerith đã bảy tỏ mối quan tâm về một tương lai không chắc chắn của họ.', '', 'ps5', 'game', 1, 5, '2023-03-10 07:49:47', '2023-04-28 08:53:05', 0, 100, 70, 'coming', 'N/A', 'silent-hill-remake', '', 'Final Fantasy VII Remake[b] là một game hành động nhập vai được hãng Square Enix đồng phát triển và phát hành cho PlayStation 4 vào ngày 10 tháng 4 năm 2020. Đây là một bản remake tựa game PlayStation năm 1997 Final Fantasy VII, kể lại câu chuyện nguyên gốc về tay lính đánh thuê Cloud Strife khi anh và nhóm khủng bố sinh thái AVALANCHE chống lại tập đoàn Shinra, và cựu binh của Shinra là Sephiroth. Lối chơi dự tính kết hợp mảng hành động thời gian thực tương tự như Dissidia Final Fantasy, và các yếu tố chiến lược, và trò chơi sẽ được phát hành dưới dạng một sê-ri nhiều phần.', '', 'Final Fantasy VII Remake[b] là một game hành động nhập vai được hãng Square Enix đồng phát triển và phát hành cho PlayStation 4 vào ngày 10 tháng 4 năm 2020. Đây là một bản remake tựa game PlayStation năm 1997 Final Fantasy VII, kể lại câu chuyện nguyên gốc về tay lính đánh thuê Cloud Strife khi anh và nhóm khủng bố sinh thái AVALANCHE chống lại tập đoàn Shinra, và cựu binh của Shinra là Sephiroth. Lối chơi dự tính kết hợp mảng hành động thời gian thực tương tự như Dissidia Final Fantasy, và các yếu tố chiến lược, và trò chơi sẽ được phát hành dưới dạng một sê-ri nhiều phần.\r\n\r\nNhững tin đồn và những đòi hỏi về việc tái tạo lại phần VII đã tồn tại trong suốt nhiều năm, nhưng nhiều lý do đã được đưa ra vì sao dự án lại không được phát triển. Ba thành viên chủ chốt ban đầu của nhóm đã trở lại để giúp đỡ Remake: nhà thiết kế nhân vật gốc Nomura Tetsuya trở lại chỉ đạo và quản lý khâu thiết kế lại nhân vật, đạo diễn bản game gốc Kitase Yoshinori đóng vai trò là nhà sản xuất, trong khi Nojima Kazushige quay trở lại đảm nhận khâu viết kịch bản. Quyết định phát hành Remake thành nhiều phần riêng được thực hiện vì vậy nhóm đã không phải cắt bất kỳ nội dung ban đầu nào. Họ cũng quyết định bổ sung thêm nội dung mới và điều chỉnh khâu thiết kế nhân vật gốc để cân bằng giữa tính hiện thực và cách điệu hóa.\r\n\r\nTrò chơi được phát hành cho PlayStation 4 vào ngày 10 tháng 4 năm 2020. Trò chơi đã nhận được những đánh giá tích cực, với những lời khen ngợi về đồ họa, lối chơi, tường thuật và âm nhạc. Các nhà phê bình hoan nghênh việc câu chuyện vẫn bám sát với trò chơi gốc năm 1997 và mở rộng thêm. Hệ thống chiến đấu được cập nhật nhận lời khen vì các yếu tố chiến thuật và sự khởi sắc về mặt đồ họa. Tuy nhiên, sự đón nhận có hỗn hợp giữa khen và chê với sự tuyến tính của trò chơi và tính chất lặp đi lặp lại của các nhiệm vụ phụ. Final Fantasy VII Remake trở thành một trong những trò chơi PlayStation 4 bán chạy nhất, bán được hơn 3,5 triệu bản trong vòng ba ngày và năm triệu bản vào cuối năm nay. Phiên bản dành cho PlayStation 5 có tên Final Fantasy VII Remake Intergrade được nâng cấp về đồ họa và thêm phần chơi cốt truyện của Yuffie, được lên kế hoạch vào tháng 6 năm 2021.'),
(36, 19, 3, 'Sea of Stars', '', '', '/uploads/products/sea_of_star.webp', '', '', 'switch', 'game', 1, 4, '2023-03-10 08:07:55', '2023-04-22 08:13:29', 0, 100, 30, 'coming', 'N/A', 'se-of-star', '', 'The Legend of Zelda: Tears of the Kingdom [b] là một trò chơi phiêu lưu hành động sắp ra mắt năm 2023 được phát triển bởi Nintendo EPD và được Nintendo phát hành cho Nintendo Switch . Là phần tiếp theo của The Legend of Zelda: Breath of the Wild (2017), Tears of the Kingdom giữ lại nhiều khía cạnh của phần trước, bao gồm cả môi trường thế giới mở của Hyrule , được mở rộng để cho phép khám phá theo chiều dọc nhiều hơn. Link , nhân vật chính của Tears of the Kingdom , tham gia cùng với Zelda và bị Ganon phản đối .', '', 'The Legend of Zelda: Tears of the Kingdom [b] là một trò chơi phiêu lưu hành động sắp ra mắt năm 2023 được phát triển bởi Nintendo EPD và được Nintendo phát hành cho Nintendo Switch . Là phần tiếp theo của The Legend of Zelda: Breath of the Wild (2017), Tears of the Kingdom giữ lại nhiều khía cạnh của phần trước, bao gồm cả môi trường thế giới mở của Hyrule , được mở rộng để cho phép khám phá theo chiều dọc nhiều hơn. Link , nhân vật chính của Tears of the Kingdom , tham gia cùng với Zelda và bị Ganon phản đối .\r\n\r\nSau khi hoàn thành quá trình phát triển Breath of the Wild vào năm 2017, phần tiếp theo đã được hình thành sau khi nội dung có thể tải xuống (DLC) của trò chơi không thể chứa tất cả các ý tưởng do nhóm phát triển đưa ra. Đạo diễn của Breath of the Wild Hidemaro Fujibayashi và nhà sản xuất Eiji Aonuma tiếp tục vai diễn của họ trong Tears of the Kingdom . Một đoạn giới thiệu trước cho Tears of the Kingdom đã được phát sóng trong E3 2019 , một tiết lộ đầy đủ đã được phát sóng tại E3 2021 và tiêu đề của trò chơi đã được tiết lộ trong Nintendo Direct vào tháng 9 năm 2022 . Trong khi nước mắt của vương quốcban đầu được lên kế hoạch phát hành vào năm 2022, hiện tại nó được lên kế hoạch phát hành vào ngày 12 tháng 5 năm 2023.'),
(37, 7, 8, 'Black Myth: Wukong', '', '', '/uploads/products/black_myth_wukong.webp', '', '', 'ps5', 'game', 1, 5, '2023-03-10 07:49:47', '2023-04-28 08:52:51', 0, 100, 70, 'coming', 'N/A', 'black-myth-wukong', '', '', '', ''),
(38, 18, 3, 'Super Mario 3D World', '', '', '/uploads/products/super_mario_3Dworld.jpg', '', '', 'switch', 'game', 1, 3, '2023-03-10 08:07:55', '2023-04-28 08:33:42', 0, 100, 60, 'released', 'NOVEMBER 21, 2013', 'super-mario-3d-world', '', '', '', '\r\n'),
(39, 13, 2, 'Sable', '', '', '/uploads/products/sable.jpg', '\r\n\r\n\r\n\r\n\r\n', '', 'xbox', 'game', 1, 3, '2023-03-10 08:18:43', '2023-04-22 08:14:11', 0, 100, 30, 'released', 'NOVEMBER 29, 2022', 'sable', '', '\r\n', '', '\r\n\r\n\r\n'),
(50, 13, 2, 'The Burn', '', '', '/uploads/products/bzb_logo1.png', '', '', 'xbox', 'game', 1, 0, '2023-05-26 03:06:04', '2023-05-26 03:09:15', 0, 11, 300, '', '', 'the-burn', '', 'GOOD', '', '');

-- --------------------------------------------------------

--
-- Table structure for table `roles`
--

DROP TABLE IF EXISTS `roles`;
CREATE TABLE IF NOT EXISTS `roles` (
  `id` bigint NOT NULL AUTO_INCREMENT COMMENT 'Đây là khóa chính',
  `user_id` bigint NOT NULL,
  `func_id` bigint NOT NULL,
  PRIMARY KEY (`id`),
  UNIQUE KEY `user_id` (`user_id`,`func_id`)
) ENGINE=MyISAM AUTO_INCREMENT=1450 DEFAULT CHARSET=utf8mb3 COLLATE=utf8mb3_unicode_ci;

--
-- Dumping data for table `roles`
--

INSERT INTO `roles` (`id`, `user_id`, `func_id`) VALUES
(1449, 51, 42),
(1448, 51, 41),
(1447, 51, 40),
(1446, 51, 39),
(1445, 51, 68),
(1444, 51, 38),
(1443, 51, 67),
(1442, 51, 37),
(1441, 51, 36),
(1440, 51, 35),
(1439, 51, 34),
(1438, 51, 66),
(1437, 51, 33),
(1436, 51, 65),
(1435, 51, 32),
(1434, 51, 31),
(1433, 51, 30),
(1432, 51, 29),
(1431, 51, 64),
(1430, 51, 63),
(1429, 51, 62),
(1428, 51, 28),
(1427, 51, 27),
(1426, 51, 59),
(1425, 51, 58),
(1424, 51, 26),
(1423, 51, 25),
(1422, 51, 24),
(1421, 51, 23),
(1420, 51, 56),
(1419, 51, 22),
(1418, 51, 57),
(1417, 51, 21),
(1416, 51, 20),
(1415, 51, 19),
(1414, 51, 18),
(1413, 51, 54),
(1412, 51, 17),
(1411, 51, 55),
(1410, 51, 16),
(1409, 51, 15),
(1408, 51, 14),
(1407, 51, 10),
(1406, 51, 52),
(1405, 51, 9),
(1404, 51, 53),
(1403, 51, 8),
(1402, 51, 7),
(1401, 51, 13),
(1400, 51, 6),
(1399, 51, 49),
(1398, 51, 48),
(1397, 51, 12),
(1396, 51, 5),
(1395, 51, 50),
(1394, 51, 4),
(1393, 51, 51),
(1392, 51, 3),
(1391, 51, 2),
(1390, 51, 1),
(1389, 51, 11);

-- --------------------------------------------------------

--
-- Table structure for table `suppliers`
--

DROP TABLE IF EXISTS `suppliers`;
CREATE TABLE IF NOT EXISTS `suppliers` (
  `id` bigint NOT NULL AUTO_INCREMENT COMMENT 'đây là khóa chính',
  `name` varchar(255) COLLATE utf8mb3_unicode_ci NOT NULL,
  `phone` varchar(255) CHARACTER SET utf8mb3 COLLATE utf8mb3_unicode_ci DEFAULT NULL,
  `email` varchar(255) CHARACTER SET utf8mb3 COLLATE utf8mb3_unicode_ci DEFAULT NULL,
  `image` varchar(255) COLLATE utf8mb3_unicode_ci NOT NULL,
  `logo` varchar(255) COLLATE utf8mb3_unicode_ci NOT NULL,
  `status` tinyint NOT NULL COMMENT '-1:del\r\n-2:block\r\n1:active',
  `created_at` datetime NOT NULL DEFAULT CURRENT_TIMESTAMP,
  `updated_at` datetime NOT NULL DEFAULT CURRENT_TIMESTAMP,
  `sku` varchar(255) COLLATE utf8mb3_unicode_ci NOT NULL,
  `qty` int NOT NULL,
  `price` int NOT NULL,
  `alias` varchar(255) COLLATE utf8mb3_unicode_ci NOT NULL,
  `keyword` varchar(255) COLLATE utf8mb3_unicode_ci NOT NULL,
  `desc` text COLLATE utf8mb3_unicode_ci NOT NULL,
  `imgshare` varchar(255) COLLATE utf8mb3_unicode_ci NOT NULL,
  `title` text COLLATE utf8mb3_unicode_ci NOT NULL,
  PRIMARY KEY (`id`)
) ENGINE=MyISAM AUTO_INCREMENT=24 DEFAULT CHARSET=utf8mb3 COLLATE=utf8mb3_unicode_ci;

--
-- Dumping data for table `suppliers`
--

INSERT INTO `suppliers` (`id`, `name`, `phone`, `email`, `image`, `logo`, `status`, `created_at`, `updated_at`, `sku`, `qty`, `price`, `alias`, `keyword`, `desc`, `imgshare`, `title`) VALUES
(1, 'Sony Interactive Entertainment', NULL, NULL, '', '', 1, '2023-03-10 04:42:47', '2023-05-27 02:35:52', '', 0, 0, 'sony-interactive-entertainment', '', 'Sony Interactive Entertainment (SIE) (Tiếng Nhật: 株式会社ソニー・インタラクティブエンタテインメント) là một công ty chuyên trò chơi điện tử và giải trí kỹ thuật số đa quốc gia, là công ty con thuộc sở hữu của tập đoàn Sony Nhật Bản, đặt trụ sở tại San Mateo, California, Hoa Kỳ.', '', 'Sony Interactive Entertainment (SIE) (Tiếng Nhật: 株式会社ソニー・インタラクティブエンタテインメント) là một công ty chuyên trò chơi điện tử và giải trí kỹ thuật số đa quốc gia, là công ty con thuộc sở hữu của tập đoàn Sony Nhật Bản, đặt trụ sở tại San Mateo, California, Hoa Kỳ. Công ty được thành lập vào ngày 16 tháng 11 năm 1993 tại Tokyo, Nhật Bản với tên Sony Computer Entertainment (SCE) để xử lý việc đầu tư của Sony trong phát triển trò chơi video thông qua thương hiệu PlayStation. Kể từ khi ra mắt thành công PlayStation đầu tiên vào năm 1994, công ty đã phát triển dòng sản phẩm máy chơi game và phụ kiện trò chơi PlayStation tại nhà. Mở rộng sang Bắc Mỹ và các quốc gia khác, công ty nhanh chóng trở thành nguồn lực chính của Sony để nghiên cứu và phát triển các trò chơi video và giải trí tương tác. Vào tháng 4 năm 2016, SCE và Sony Network Entertainment International đã được tái cấu trúc và tổ chức lại thành Sony Interactive Entertainment, thực hiện các hoạt động và mục tiêu chính từ cả hai công ty. Cùng năm đó, SIE chuyển trụ sở chính từ Tokyo đến San Mateo, California. Sony Interactive Entertainment xử lý việc nghiên cứu và phát triển, sản xuất và bán cả phần cứng và phần mềm cho các hệ thống trò chơi video PlayStation. SIE cũng là nhà phát triển và phát hành các tựa game video và điều hành một số công ty con tại các thị trường lớn nhất của Sony: Bắc Mỹ, Châu Âu và Châu Á. Đến tháng 8 năm 2018, công ty đã bán được hơn 525 triệu máy chơi game PlayStation trên toàn thế giới.'),
(2, 'Microsoft', NULL, NULL, '', '', 1, '2023-03-10 04:42:47', '2023-03-10 11:44:20', '', 0, 0, 'microsoft', '', 'Microsoft là một tập đoàn đa quốc gia của Hoa Kỳ đặt trụ sở chính tại Redmond, Washington; chuyên phát triển, sản xuất, kinh doanh bản quyền phần mềm và hỗ trợ trên diện rộng các sản phẩm và dịch vụ liên quan đến máy tính. Công ty được sáng lập bởi Bill Gates và Paul Allen vào ngày 4 tháng 4 năm 1975', '', 'Microsoft là một tập đoàn đa quốc gia của Hoa Kỳ đặt trụ sở chính tại Redmond, Washington; chuyên phát triển, sản xuất, kinh doanh bản quyền phần mềm và hỗ trợ trên diện rộng các sản phẩm và dịch vụ liên quan đến máy tính. Công ty được sáng lập bởi Bill Gates và Paul Allen vào ngày 4 tháng 4 năm 1975. Nếu tính theo doanh thu thì Microsoft là hãng sản xuất phần mềm lớn nhất thế giới.[2] Nó cũng được gọi là \"một trong những công ty có giá trị nhất trên thế giới\".[3]\r\n\r\nĐược thành lập để phát triển phần mềm trình thông dịch BASIC cho máy Altair 8800, Microsoft vươn lên thống trị thị trường hệ điều hành cho máy tính gia đình với MS-DOS giữa những năm 1980. Cổ phiếu của công ty sau khi được phát hành lần đầu ra thị trường đã tăng giá nhanh chóng và tạo ra 4 tỷ phú và 12.000 triệu phú trong công ty. Kể từ thập niên 1990, công ty đã đa dạng hóa sản phẩm hệ điều hành và tiến hành nhiều thương vụ thâu tóm công ty mà điển hình là sáp nhập LinkedIn với giá 26,2 tỉ đô la vào tháng 12 năm 2016,[4] và Skype Technologies với 8,5 tỉ đô la vào tháng 5 năm 2011.[5] Công ty cũng cung cấp nhiều phần mềm máy tính và máy chủ cho người dùng cá nhân và doanh nghiệp, trong đó có công cụ tìm kiếm Internet (với Bing), thị trường dịch vụ số (với MSN), thực tế hỗn hợp (HoloLens), điện toán đám mây (Azure) và môi trường phát triển phần mềm (Visual Studio).\r\n\r\nNăm 2000, Steve Ballmer thay thế Gates ở vai trò CEO, tái định hướng công ty theo chiến lược \"thiết bị và dịch vụ\".[6] Sự thay đổi bắt đầu bằng việc sáp nhập Danger Inc. vào năm 2008,[7] công ty bước vào thị trường sản xuất máy tính lần đầu năm 2012 với việc tung ra máy tính bảng Microsoft Surface, rồi thành lập Microsoft Mobile sau khi thâu tóm mảng thiết bị và dịch vụ của Nokia. Nhưng từ khi Satya Nadella nhận vai trò CEO vào năm 2014, họ chuyển trọng tâm từ sản xuất phần cứng sang làm dịch vụ điện toán đám mây và việc này đã đưa giá trị công ty đạt mức cao nhất kể từ tháng 12 năm 1999.[8][9] Vào năm 2015, Microsoft dù tiếp tục dẫn đầu thị phần hệ điều hành PC và bộ phần mềm văn phòng, nhưng họ đánh mất vị trí dẫn đầu hệ điều hành nói chung của Windows vào tay Android.[10]\r\n\r\nXuyên suốt lịch sử, tập đoàn luôn là mục tiêu của rất nhiều sự chỉ trích, bao gồm chỉ trích về độc quyền kinh doanh. Trong đó có từ phía Ủy ban công lý Hoa Kỳ (Bộ Tư pháp Hoa Kỳ), và Ủy ban châu Âu (European commission), đã làm Microsoft dính vào rất nhiều vụ kiện tụng.'),
(3, 'Nintendo', NULL, NULL, '', '', 1, '2023-03-10 04:42:47', '2023-03-10 11:44:20', '', 0, 0, 'nintendo', '', 'Công ty Trách nhiệm Hữu hạn Nintendo là một công ty kinh doanh hàng tiêu dùng điện tử và trò chơi điện tử đa quốc gia của Nhật Bản có trụ sở chính tại Kyoto. Công ty thành lập vào năm 1889 với tên Nintendo Karuta bởi thợ thủ công Yamauchi Fusajiro, ban đầu sản xuất bài lá hanafuda làm bằng tay.', '', 'Công ty Trách nhiệm Hữu hạn Nintendo (Nhật: 任天堂株式会社 (Nhiệm-Thiên-Đường Châu thức Hội xã) Hepburn: Nintendō Kabushiki-gaisha?) là một công ty kinh doanh hàng tiêu dùng điện tử và trò chơi điện tử đa quốc gia của Nhật Bản có trụ sở chính tại Kyoto. Công ty thành lập vào năm 1889 với tên Nintendo Karuta[b] bởi thợ thủ công Yamauchi Fusajiro, ban đầu sản xuất bài lá hanafuda làm bằng tay. Sau khi mạo hiểm tham gia vào nhiều ngành kinh doanh khác nhau trong những năm 1960 và có được tư cách pháp nhân là công ty đại chúng lấy tên như hiện tại, Nintendo đã phân phối máy chơi trò chơi điện tử đầu tiên của mình, Color TV-Game, vào năm 1977. Công ty đã được toàn thế giới công nhận với việc phát hành Nintendo Entertainment System và Super Mario Bros. vào năm 1985.\r\n\r\nKể từ đó, Nintendo đã sản xuất một số máy chơi trò chơi điện tử thành công nhất trong ngành công nghiệp trò chơi điện tử, chẳng hạn như Game Boy, Super Nintendo Entertainment System, Wii và Nintendo Switch. Nintendo cũng đã phát hành nhiều nhượng quyền thương mại có ảnh hưởng, bao gồm Donkey Kong, Mario, The Legend of Zelda, Kirby, Metroid, Fire Emblem, Splatoon, Super Smash Bros. và Pokémon.\r\n\r\nNintendo có nhiều công ty con ở Nhật Bản và nước ngoài, còn có các đối tác kinh doanh như The Pokémon Company và HAL Laboratory. Cả công ty và đội ngũ nhân viên đã nhận được nhiều giải thưởng cho những thành tựu của họ, bao gồm Giải Emmy về Công nghệ & Kỹ thuật - Emmy Awards for Technology & Engineering, Giải thưởng do Nhà phát triển trò chơi bình chọn - Game Developers Choice Awards, Giải thưởng trò chơi điện tử của Viện hàn lâm Anh - British Academy Games Awards cùng những giải thưởng khác. Nintendo là một trong những công ty giàu có và giá trị nhất tại thị trường Nhật Bản.'),
(4, 'Blizzard Entertainment', NULL, NULL, '', '', 1, '2023-03-10 05:08:38', '2023-03-10 12:10:13', '', 0, 0, 'blizzard-entertainment', '', 'Blizzard Entertainment, Inc. một công ty phát triển và phát hành trò chơi điện tử của Mỹ được thành lập tháng 2 năm 1991 với tên Silicon & Synapse bởi ba cử nhân của UCLA, Michael Morhaime, Allen Adham và Frank Pearce', '', 'Blizzard Entertainment, Inc. một công ty phát triển và phát hành trò chơi điện tử của Mỹ được thành lập tháng 2 năm 1991 với tên Silicon & Synapse bởi ba cử nhân của UCLA, Michael Morhaime, Allen Adham và Frank Pearce. Công ty đóng trụ sở tại Irvine, California, bắt đầu tự phát triển những phần mềm đầu tiên từ năm 1993 với những game như Rock N\' Roll Racing và The Lost Vikings. Vào năm 1994, công ty đổi tên thành Blizzard Entertainment Inc trước khi rơi vào tay nhà phân phối Davidson & Associates. Ngay sau đó, Blizzard xuất xưởng game đình đám đầu tiên Warcraft: Orcs and Humans. Từ đó, lần lượt cho ra đời các game khác gặt hái được không ít thành công trên hệ máy Máy tính cá nhân, bao gồm Warcraft, Starcraft và Diablo, và MMORPG World of Warcraft.\r\n\r\nVào ngày 9 tháng 7 năm 2008, Activision chính thức sáp nhập với Vivendi Games. Từ đó Blizzard trở thành tên của công ty chủ quản, và có đội ngũ nhân sự độc lập.'),
(5, 'Electronic Arts Inc.', NULL, NULL, '', '', 1, '2023-03-10 05:08:38', '2023-03-10 12:10:13', '', 0, 0, 'electronic-arts-inc.', '', 'Electronic Arts Inc. là một công ty trò chơi điện tử của Mỹ có trụ sở chính tại Redwood City, California. Đây là công ty trò chơi lớn thứ hai ở châu Mỹ và châu Âu tính theo doanh thu và giá trị vốn hóa thị trường sau Activision Blizzard và trên Take-Two Interactive và Ubisoft tính đến tháng 5 năm 2020.', '', 'Electronic Arts Inc. (EA) là một công ty trò chơi điện tử của Mỹ có trụ sở chính tại Redwood City, California. Đây là công ty trò chơi lớn thứ hai ở châu Mỹ và châu Âu tính theo doanh thu và giá trị vốn hóa thị trường sau Activision Blizzard và trên Take-Two Interactive và Ubisoft tính đến tháng 5 năm 2020.[2][3]\r\n\r\nTrip Hawkins, một cựu nhân viên của Apple đã thành lập công ty vào ngày 27 tháng 5 năm 1982. Công ty là nhà tiên phong của ngành công nghiệp trò chơi máy tính gia đình thời kỳ đầu, thúc đẩy các nhà thiết kế và lập trình viên chịu trách nhiệm cho các trò chơi của mình với tư cách là \"nghệ sĩ phần mềm\". EA đã xuất bản nhiều trò chơi và một số phần mềm năng suất cho máy tính cá nhân, tất cả đều được phát triển bởi các cá nhân hoặc nhóm bên ngoài cho đến Skate or Die! năm 1987. Công ty chuyển hướng sang các xưởng game nội bộ, thường là thông qua việc mua lại, chẳng hạn như EA Canada mua Distinctive Software năm 1991.\r\n\r\nHiện tại, EA phát triển và xuất bản các trò chơi thuộc các thương hiệu đã được thành lập, bao gồm Battlefield, Need for Speed, The Sims, Medal of Honor, Command & Conquer, Dead Space, Mass Effect, Dragon Age, Army of Two, Titanfall, và Star Wars, cũng như các tựa game EA Sports như FIFA , Madden NFL, NBA Live, NHL, và EA Sports UFC.[4] Các tựa trò chơi trên PC của họ xuất bản với tên Origin do họ tự phát triển, một nền tảng phân phối kỹ thuật số trò chơi trực tuyến dành cho PC và đối thủ cạnh tranh trực tiếp với Valve của Steam và Epic Games của Store. EA cũng sở hữu và điều hành các xưởng game lớn như EA Tiburon ở Orlando, EA Vancouver ở Burnaby, EA Romania ở Bucharest, DICE ở Stockholm và Los Angeles, BioWare ở Edmonton và Austin, hay Respawn Entertainment ở Los Angeles và Vancouver.'),
(6, 'Take-Two Interactive', NULL, NULL, '', '', 1, '2023-03-10 05:11:20', '2023-03-10 12:12:33', '', 0, 0, 'take-two-interactive', '', 'Take-Two Interactive Software, Inc. là một công ty holding trong lĩnh vực trò chơi điện tử của Mỹ có trụ sở tại thành phố New York và do Ryan Brant thành lập vào tháng 9 năm 1993. Công ty sở hữu hai nhãn xuất bản lớn là Rockstar Games và 2K, vận hành các xưởng phát triển trò chơi nội bộ.', '', 'Take-Two Interactive Software, Inc. là một công ty holding trong lĩnh vực trò chơi điện tử của Mỹ có trụ sở tại thành phố New York và do Ryan Brant thành lập vào tháng 9 năm 1993.\r\n\r\nCông ty sở hữu hai nhãn xuất bản lớn là Rockstar Games và 2K, vận hành các xưởng phát triển trò chơi nội bộ. Gần đây, Take-Two đã tạo ra nhãn hiệu Private Division để hỗ trợ xuất bản từ các nhà phát triển độc lập và gần đây đã công bố một xưởng nội bộ mới cho hãng có tên là Intercept Games. Công ty đã mua lại các nhà phát triển Socialpoint, Playdots và Nordeus để tự tạo dựng chỗ đứng trên thị trường trò chơi di động. Công ty cũng sở hữu 50% tổ chức esports chuyên nghiệp NBA 2K League.[2] Danh mục đầu tư kết hợp của Take-Two bao gồm các nhượng quyền thương mại như BioShock , Borderlands, Grand Theft Auto, NBA 2K và Red Dead trong số những loạt khác.\r\n\r\nTính đến tháng 3 năm 2018, đây là công ty trò chơi đại chúng lớn thứ ba ở châu Mỹ và châu Âu sau Activision Blizzard và Electronic Arts, với mức vốn hóa thị trường ước tính 13 tỷ USD.'),
(7, 'Ubisoft', NULL, NULL, '', '', 1, '2023-03-10 05:11:20', '2023-03-10 12:12:33', '', 0, 0, 'ubisoft', '', 'Ubisoft Entertainment S.A. là một hãng chuyên phát hành và phát triển game đa hệ máy, với trụ sở đặt tại Montreuil-sous-Bois, Pháp. Ubisoft là một hãng toàn cầu với các studio phát triển game trên 17 quốc gia và các công ty con tại 28 quốc gia.', '', 'Ubisoft Entertainment S.A. (Euronext: UBI) là một hãng chuyên phát hành và phát triển game đa hệ máy, với trụ sở đặt tại Montreuil-sous-Bois, Pháp. Ubisoft là một hãng toàn cầu với các studio phát triển game trên 17 quốc gia và các công ty con tại 28 quốc gia.\r\n\r\nTừ năm 2008, hãng trở thành hãng lớn thứ ba tại châu Âu và lớn thứ tư tại Mỹ trong việc độc lập phát hành video game. Doanh thu của ubisoft đạt 453 triệu euro vào năm 2002-2003, con số này tăng lên 508 triệu euro vào năm sau.Vào năm 2009, tổng số nhân viên của hãng hơn 5000 người, trong đó hơn 4000 người trực tiếp tham gia sản xuất.Ubisoft có studio phát triển game lớn nhất là Ubisoft Montreal, với số nhân viên khoảng 1600 người vào năm 2004. Yves Guillemot, một trong những người sáng lập, là chủ tịch kiêm giám đốc điều hành(CEO).Năm 2008-2009, doanh thu của hãng lần đầu tiên đạt mốc 1 tỷ euro khi thu về 1,085 tỷ.'),
(8, 'Square Enix', NULL, NULL, '', '', 1, '2023-03-10 06:01:14', '2023-03-10 13:04:00', '', 0, 0, 'square-enix', '', 'Square Enix Holdings Co., Ltd. là công ty holding và tập đoàn giải trí của Nhật Bản, nổi tiếng với những loạt trò chơi nhập vai như Final Fantasy, Dragon Quest, Kingdom Hearts, và nhiều loạt tác phẩm khác', '', 'Square Enix Holdings Co., Ltd.[a] là công ty holding và tập đoàn giải trí của Nhật Bản, nổi tiếng với những loạt trò chơi nhập vai như Final Fantasy, Dragon Quest, Kingdom Hearts, và nhiều loạt tác phẩm khác. Bên cạnh xuất bản và phát hành trò chơi điện tử, Square Enix còn kinh doanh sản phẩm ăn theo, trang thiết bị trò chơi điện tử/arcade, và xuất bản manga dưới ấn hiệu Gangan Comics.\r\n\r\nSquare Enix ban đầu được thành lập vào tháng 4 năm 2003 thông qua sự sáp nhập của 2 công ty Square và Enix. Mỗi cổ phiếu phổ thông của Square được quy đổi bằng 0,85 cổ phiếu của Enix. Vào thời điểm đó, 80% nhân viên Square Enix là nhân viên cũ của Square. Cựu chủ tịch Square là Mada Yoichi được bổ nhiệm làm chủ tịch tập đoàn mới, và cựu chủ tịch Enix là Honda Keiji được chỉ định làm phó chủ tịch. Fukushima Yasuhiro là cổ đông lớn nhất của tập đoàn, đồng thời là người sáng lập Enix, nên trở thành chủ tịch hội đồng quản trị. Tháng 10 năm 2008, Square Enix đã tiến hành phân chia công ty. Square Enix tái tổ chức thành công ty holding Square Enix Holdings Co., Ltd., và công ty con mới có tên là Square Enix Co., Ltd chuyên thực hiện các công việc liên quan đến sản xuất và phát hành trò chơi điện tử.\r\n\r\nMột số loạt tác phẩm của Square Enix đã bán được hơn 10 triệu bản trên toàn thế giới, với Final Fantasy bán được 144 triệu, Dragon Quest bán được 78 triệu, và Kingdom Hearts bán được 30 triệu.[3] Năm 2005, Square Enix mua lại tập đoàn trò chơi arcade Taito, nổi tiếng với những game như Space Invaders, Bubble Bobble và Darius. Năm 2009, Square Enix mua lại nhà phát hành trò chơi Eidos Interactive của Anh, được sáp nhập vào Square Enix Europe để xuất bản những tựa game như Tomb Raider, Deus Ex và Just Cause. Square Enix đặt trụ sở chính tại tòa nhà Shinjuku Eastside Square ở Shinjuku, Tokyo và có hơn 5000 nhân viên trên toàn cầu thông qua các công ty con.'),
(9, 'Capcom', NULL, NULL, '', '', 1, '2023-03-10 06:01:14', '2023-03-10 13:04:00', '', 0, 0, 'capcom', '', 'Capcom Co., Ltd. là một công ty phát triển và phát hành trò chơi điện tử Nhật Bản nổi tiếng với việc tạo ra rất nhiều nhượng quyền triệu USD.', '', 'Capcom Co., Ltd. (Nhật: 株式会社カプコン Hepburn: Kabushiki-gaisha Kapukon?) là một công ty phát triển và phát hành trò chơi điện tử Nhật Bản[4] nổi tiếng với việc tạo ra rất nhiều nhượng quyền triệu USD, bao gồm Street Fighter, Mega Man, Darkstalkers, Resident Evil, Devil May Cry, Onimusha, Dino Crisis, Dead Rising, Sengoku Basara, Ghosts \'n Goblins, Monster Hunter, Breath of Fire, và Ace Attorney cũng như các trò chơi dựa trên hoạt hình của Disney. Thành lập năm 1979,[5] công ty đã trở thành một doanh nghiệp quốc tế với các công ty con ở Châu Á, Châu Âu và Bắc Mỹ.'),
(10, 'Rockstar Games', NULL, NULL, '', '', 1, '2023-03-10 06:05:03', '2023-03-10 13:06:29', '', 0, 0, 'rockstar-games', '', 'Rockstar Games là nhà phát triển và phát hành video game đa quốc gia có trụ sở ở thành phố New York, sở hữu bởi Take-Two Interactive, sau khi Take-Two mua lại công ty phát hành game ở Anh là BMG Interactive.', '', 'Rockstar Games là nhà phát triển và phát hành video game đa quốc gia có trụ sở ở thành phố New York, sở hữu bởi Take-Two Interactive, sau khi Take-Two mua lại công ty phát hành game ở Anh là BMG Interactive. Rockstar rất nổi tiếng với những sản phẩm họ làm ra, như sê-ri Grand Theft Auto, Max Payne, L.A Noire, The Warriors, Bully, Manhunt, Red Dead, Midnight Club,... với lối chơi thế giới mở, sandbox phi tuyến tính trong những trò chơi họ làm ra. Rockstar Games bao gồm nhiều studio; một số studio thì được hãng mua lại, còn số khác thì được thành lập nội bộ. Nguyên nhân này là do công ty m Take-two, đã mua lại một số studio và hợp nhất vào hãng Rockstar, còn số nhỏ studio khác thì sáp nhập với người anh em của Rockstar, 2K Games, vốn nổi tiếng với thương hiệu NBA 2K.\r\n\r\nBan đầu Rockstar Games được thành lập vào năm 1998,[1] tại thành phố New York bởi hai anh em sản xuất game người Anh là Sam Houser và Dan Houser, cùng với các người bạn Terry Donovan, Jamie King và Gary Foreman.[2]\r\n\r\nTrụ sở chính của Rockstar Games (được biết đến rộng rãi là Rockstar NYC),[3] toạ lạc tại vùng SoHo ở hạt Mahattan, một phần văn phòng của Take-two Interactive. Đây là nơi sinh ra ý tưởng, tiếp thị, quan hệ công chúng và phát triển sản phẩm.'),
(11, 'CD PROJEKT RED', NULL, NULL, '', '', 1, '2023-03-10 06:05:03', '2023-03-10 13:06:29', '', 0, 0, 'cd-projekt-red', '', 'CD Projekt S.A. là một công ty phát triển, phát hành và phân phối trò chơi điện tử Ba Lan có trụ sở tại Warsaw được thành lập vào tháng 5 năm 1994 bởi Marcin Iwiński và Michał Kiciński. ', '', 'CD Projekt S.A. (tiếng Ba Lan: [ˌt͡sɛˈdɛ ˈprɔjɛkt]) là một công ty phát triển, phát hành và phân phối trò chơi điện tử Ba Lan có trụ sở tại Warsaw được thành lập vào tháng 5 năm 1994 bởi Marcin Iwiński và Michał Kiciński. Iwiński và Kiciński từng làm việc trong ngành bán lẻ trò chơi điện tử trước khi thành lập CD Projeckt với mục đích ban đầu là phân phối các trò chơi điện tử nước ngoài tại thị trường Ba Lan. Bộ phận chịu trách nhiệm phát triển các trò chơi, có tên gọi CD Projekt Red, được thành lập vào năm 2002 và được biết đến rộng rãi sau khi phát triển dòng trò chơi The Witcher. Năm 2008, CD Projekt cho ra mắt dịch vụ phân phối điện tử GOG.com (ban đầu là Good Old Games).\r\n\r\nCông ty bắt đầu hoạt động kinh doanh bằng việc dịch các trò chơi điện tử lớn sang tiếng Ba Lan và đã hợp tác với Interplay Entertainment trong hai trò chơi Baldur\'s Gate. Khi CD Projekt đang phát triển phiên bản PC của Baldur\'s Gate: Dark Alliance, Interplay gặp khó khăn về tài chính và trò chơi bị hủy bỏ. Công ty quyết định tái sử dụng mã lập trình của nó để phát triển một trò chơi của riêng mình mà sau này trở thành The Witcher, một trò chơi điện tử dựa trên các tác phẩm của Andrzej Sapkowski. Sau khi phát hành The Witcher, CD Projekt phát triển phiên bản console của trò chơi với tên gọi The Witcher: White Wolf; tuy nhiên các vấn đề trong quá trình phát triển và chi phí ngày một gia tăng đã đẩy công ty đến bờ vực phá sản. Sau đó CD Projekt phát hành The Witcher 2: Assassins of Kings vào năm 2011 và The Witcher 3: Wild Hunt vào năm 2015, trong đó The Witcher 3\' đã nhận được nhiều giải thưởng Trò chơi của năm. Năm 2020, công ty phát hành Cyberpunk 2077, một trò chơi nhập vai thế giới mở dựa trên hệ thống trò chơi Cyberpunk 2020, cũng như thành lập một studio mới tại Wrocław.\r\n\r\nCD Projekt cung cấp dịch vụ phân phối trò chơi điện tử GOG.com để giúp người chơi tìm những trò chơi lâu đời. Sứ mệnh của nó là cung cấp các trò chơi không bị quản lý bản quyền kỹ thuật số (DRM) và hiện nay đã bao gồm cả những trò chơi AAA và indie mới. Công ty phản đối việc sử dụng DRM trong các trò chơi điện tử, và hy vọng rằng các nội dung tải về miễn phí sẽ trở thành tiêu chuẩn trong ngành. CD Projekt xem việc duy trì sự độc lập của mình là một trong những chiến lược quan trọng nhất. Tính đến tháng 9 năm 2017, CD Projekt là công ty trò chơi điện tử đại chúng có giá trị cao nhất tại Ba Lan ở mức 2,3 tỉ đô la Mỹ.[7] Con số này tăng lên thành 8,1 tỉ đô la Mỹ vào tháng 5 năm 2020, giúp công ty vượt qua Ubisoft để trở thành công ty lớn nhất trong ngành công nghiệp trò chơi điện của châu Âu.[8] CD Projekt lọt vào danh sách WIG20 bao gồm 20 công ty lớn nhất trên sàn giao dịch Warsaw Stock Exchange vào tháng 3 năm 2018.'),
(12, 'Naughty Dog', NULL, NULL, '', '', 1, '2023-03-10 06:07:25', '2023-03-10 13:08:48', '', 0, 0, 'naughty-dog', '', 'Naughty Dog, LLC là nhà phát triển trò chơi điện tử bên thứ nhất của Mỹ có trụ sở tại Santa Monica, California. Được thành lập bởi Andy Gavin và Jason Rubin vào năm 1984, studio được Sony Computer Entertainment mua lại vào năm 2001.', '', 'Naughty Dog, LLC (formerly JAM Software, Inc.[1][2]) is an American first-party video game developer based in Santa Monica, California.[3] Founded by Andy Gavin and Jason Rubin in 1984,[1] the studio was acquired by Sony Computer Entertainment in 2001. Gavin and Rubin produced a sequence of progressively more successful games, including Rings of Power and Way of the Warrior in the early 1990s. The latter game prompted Universal Interactive Studios to sign the duo to a three-title contract and fund the expansion of the company.\r\n\r\nAfter designer and producer Mark Cerny convinced Naughty Dog to create a character-based platform game that would use the 3D capabilities of the new systems, Naughty Dog created Crash Bandicoot for the PlayStation in 1996. Naughty Dog developed three Crash Bandicoot games over the next several years. After developing Crash Team Racing, the company began working on Jak and Daxter: The Precursor Legacy for the PlayStation 2.\r\n\r\nIn 2004, Rubin, who had become the company\'s president, left the company to work on a new project, Iron and the Maiden.[4][5] In addition to their inhouse game team, Naughty Dog is also home to the ICE Team,[6] one of PlayStation Studios\'s central technology groups.[7] The company\'s first PlayStation 3 game, Uncharted: Drake\'s Fortune, was released in 2007, followed by several sequels and spin-off titles. This lasted until Naughty Dog announced a new intellectual property for the PlayStation 3, The Last of Us, which was in development by a secondary team at the studio and released to critical acclaim in 2013. A sequel, The Last of Us Part II for PlayStation 4, was released by Naughty Dog in 2020 to similar acclaim, though the narrative polarized critics and audiences.'),
(13, 'Bethesda Softworks', NULL, NULL, '', '', 1, '2023-03-10 06:07:25', '2023-03-10 13:08:48', '', 0, 0, 'bethesda-softworks', '', 'Bethesda Softworks LLC là một hãng phát hành trò chơi điện tử Mỹ có trụ sở tại Rockville, Maryland. Công ty được Christopher Weaver thành lập vào năm 1986 với tư cách là một chi nhánh của Media Technology Limited, và sau đó trở thành một công ty con của ZeniMax Media vào năm 1999.', '', 'Bethesda Softworks LLC là một hãng phát hành trò chơi điện tử Mỹ có trụ sở tại Rockville, Maryland. Công ty được Christopher Weaver thành lập vào năm 1986 với tư cách là một chi nhánh của Media Technology Limited, và sau đó trở thành một công ty con của ZeniMax Media vào năm 1999. Trong 15 năm đầu hoạt động, Bethesda Softworks là một công ty phát triển trò chơi điện tử và tự phát hành các trò chơi của mình. Năm 2001, Bethesda tách đội ngũ phát triển ra thành Bethesda Game Studios, và từ đó chỉ tiến hành hoạt động phát hành. Bethesda Softworks là nhà phát hành của các trò chơi do tất cả các studio của ZeniMax sản xuất.'),
(21, 'N/A', NULL, NULL, '', '', 1, '2023-04-08 04:50:38', '2023-04-08 11:50:57', '', 0, 0, 'n-a', '', 'N/A', '', 'N/A');

-- --------------------------------------------------------

--
-- Table structure for table `users`
--

DROP TABLE IF EXISTS `users`;
CREATE TABLE IF NOT EXISTS `users` (
  `id` bigint NOT NULL AUTO_INCREMENT COMMENT 'Đây là khóa chính',
  `group_id` bigint DEFAULT NULL,
  `name` varchar(255) COLLATE utf8mb3_unicode_ci NOT NULL,
  `image` varchar(255) CHARACTER SET utf8mb3 COLLATE utf8mb3_unicode_ci DEFAULT NULL,
  `username` varchar(255) COLLATE utf8mb3_unicode_ci NOT NULL,
  `password` varchar(255) COLLATE utf8mb3_unicode_ci NOT NULL,
  `status` tinyint NOT NULL COMMENT '-1:Xóa user, -2:không hiển thị, 1:hiển thị',
  `email` varchar(255) CHARACTER SET utf8mb3 COLLATE utf8mb3_unicode_ci DEFAULT NULL,
  `phone` varchar(255) CHARACTER SET utf8mb3 COLLATE utf8mb3_unicode_ci DEFAULT NULL,
  `created_at` datetime NOT NULL DEFAULT CURRENT_TIMESTAMP,
  `updated_at` datetime NOT NULL DEFAULT CURRENT_TIMESTAMP,
  PRIMARY KEY (`id`),
  UNIQUE KEY `username` (`username`)
) ENGINE=MyISAM AUTO_INCREMENT=63 DEFAULT CHARSET=utf8mb3 COLLATE=utf8mb3_unicode_ci;

--
-- Dumping data for table `users`
--

INSERT INTO `users` (`id`, `group_id`, `name`, `image`, `username`, `password`, `status`, `email`, `phone`, `created_at`, `updated_at`) VALUES
(1, 1, 'Bùi Hoàng Anh Tuấn', '/uploads/images/no_avt.png', 'anhtuan94', '$2y$10$gX6Yk5yWYz0MvbRB7.6p/uU8TEZE0XD9NicfpMFESW1FaIeNmVt2S', 1, 'anhtuan1411994@gmail.com', '1234', '2023-03-10 08:36:31', '2023-05-26 04:25:20'),
(2, 2, 'Nguyễn Văn Anh', 'backend/img/no_avt.png', 'vananh123', '$2y$10$gX6Yk5yWYz0MvbRB7.6p/uU8TEZE0XD9NicfpMFESW1FaIeNmVt2S', -1, 'vananh123@gmail.com', '', '2023-03-10 08:36:31', '2023-05-25 01:18:35'),
(3, 2, 'Nguyễn Văn Bình', 'backend/img/no_avt.png', 'vanbinh123', '$2y$10$gX6Yk5yWYz0MvbRB7.6p/uU8TEZE0XD9NicfpMFESW1FaIeNmVt2S', 1, 'vanbinh123@gmail.com', NULL, '2023-03-10 08:36:31', '2023-05-12 02:52:15'),
(4, 3, 'Nguyễn Văn Cường', 'backend/img/no_avt.png', 'vancuong123', '$2y$10$gX6Yk5yWYz0MvbRB7.6p/uU8TEZE0XD9NicfpMFESW1FaIeNmVt2S', 1, 'vancuong123@gmail.com', NULL, '2023-03-10 08:36:31', '2023-05-12 02:52:21'),
(5, 3, 'Nguyễn Văn Dũng', 'backend/img/no_avt.png', 'vandung123', '$2y$10$gX6Yk5yWYz0MvbRB7.6p/uU8TEZE0XD9NicfpMFESW1FaIeNmVt2S', 1, 'vandung123@gmail.com', NULL, '2023-03-10 08:36:31', '2023-05-09 04:00:23'),
(6, 2, 'Nguyễn Văn Em', 'backend/img/no_avt.png', 'vanem123', '$2y$10$gX6Yk5yWYz0MvbRB7.6p/uU8TEZE0XD9NicfpMFESW1FaIeNmVt2S', 1, 'vanem123@gmail.com', NULL, '2023-03-10 08:36:31', '2023-05-09 04:03:13'),
(7, 2, 'Nguyễn Văn Giàu', 'backend/img/no_avt.png', 'vangiau123', '$2y$10$gX6Yk5yWYz0MvbRB7.6p/uU8TEZE0XD9NicfpMFESW1FaIeNmVt2S', 1, 'vangiau123@gmail.com', NULL, '2023-03-10 08:36:31', '2023-05-09 04:31:35'),
(8, 4, 'Nguyễn Văn Hưng', 'backend/img/no_avt.png', 'vanhung123', '$2y$10$gX6Yk5yWYz0MvbRB7.6p/uU8TEZE0XD9NicfpMFESW1FaIeNmVt2S', 1, 'vanhung123@gmail.com', NULL, '2023-03-10 08:36:31', '2023-05-10 05:27:08'),
(9, 2, 'Nguyễn Văn Khang', 'public/img/no_avt.png', 'vankhang123', '$2y$10$gX6Yk5yWYz0MvbRB7.6p/uU8TEZE0XD9NicfpMFESW1FaIeNmVt2S', 1, 'vankhang123@gmail.com', NULL, '2023-03-10 08:36:31', '2023-03-10 15:38:10'),
(10, 3, 'Nguyễn Văn Long', 'backend/img/no_avt.png', 'vanlong123', '$2y$10$gX6Yk5yWYz0MvbRB7.6p/uU8TEZE0XD9NicfpMFESW1FaIeNmVt2S', 1, 'vanlong123@gmail.com', '', '2023-03-10 08:36:31', '2023-03-10 15:38:10'),
(11, 4, 'Nguyễn Văn Minh', 'backend/img/no_avt.png', 'vanminh123', '$2y$10$gX6Yk5yWYz0MvbRB7.6p/uU8TEZE0XD9NicfpMFESW1FaIeNmVt2S', 1, 'vanminh123@gmail.com', NULL, '2023-03-10 08:36:31', '2023-03-10 15:38:10'),
(12, 4, 'Nguyễn Văn Phong', 'backend/img/no_avt.png', 'vanphong123', '$2y$10$gX6Yk5yWYz0MvbRB7.6p/uU8TEZE0XD9NicfpMFESW1FaIeNmVt2S', 1, 'vanphong123@gmail.com', NULL, '2023-03-10 08:36:31', '2023-03-10 15:38:10'),
(13, 4, 'Giang Quế Mẫn', 'backend/img/no_avt.png', 'queman97', '$2y$10$gX6Yk5yWYz0MvbRB7.6p/uU8TEZE0XD9NicfpMFESW1FaIeNmVt2S', 1, 'queman97@gmail.com', NULL, '2023-03-17 06:03:39', '2023-03-17 13:04:24'),
(14, 2, 'Uyên Thy', 'backend/img/no_avt.png', 'thy123', '$2y$10$gX6Yk5yWYz0MvbRB7.6p/uU8TEZE0XD9NicfpMFESW1FaIeNmVt2S', 1, 'uyenthy@gmail.com', NULL, '0000-00-00 00:00:00', '2023-03-17 17:10:56'),
(15, 3, 'Hữu Phú', 'backend/img/no_avt.png', 'huuphu123', '$2y$10$gX6Yk5yWYz0MvbRB7.6p/uU8TEZE0XD9NicfpMFESW1FaIeNmVt2S', 1, 'huuphu@gmail.com', NULL, '0000-00-00 00:00:00', '2023-03-17 17:12:10'),
(16, 4, 'Thế Bảo', 'backend/img/no_avt.png', 'thebao123', '$2y$10$gX6Yk5yWYz0MvbRB7.6p/uU8TEZE0XD9NicfpMFESW1FaIeNmVt2S', 1, 'thebao@gmail.com', NULL, '0000-00-00 00:00:00', '2023-03-17 17:12:42'),
(33, 3, 'Thanh Sơn', 'backend/img/no_avt.png', 'thanhson123', '$2y$10$gX6Yk5yWYz0MvbRB7.6p/uU8TEZE0XD9NicfpMFESW1FaIeNmVt2S', 1, 'thanhson@gmail.com', NULL, '0000-00-00 00:00:00', '2023-03-17 19:42:35'),
(34, 2, 'Thúy Kiều', 'backend/img/no_avt.png', 'thuykieu', '$2y$10$gX6Yk5yWYz0MvbRB7.6p/uU8TEZE0XD9NicfpMFESW1FaIeNmVt2S', 1, 'thuykieu@gmail.com', NULL, '0000-00-00 00:00:00', '2023-03-17 19:44:51'),
(35, 4, 'Thúy Vân', 'backend/img/no_avt.png', 'thuyvan', '$2y$10$gX6Yk5yWYz0MvbRB7.6p/uU8TEZE0XD9NicfpMFESW1FaIeNmVt2S', 1, 'thuyvan@gmail.com', NULL, '0000-00-00 00:00:00', '2023-03-17 19:48:26'),
(36, 5, 'Trọng Tài', 'backend/img/no_avt.png', 'trongtai', '$2y$10$gX6Yk5yWYz0MvbRB7.6p/uU8TEZE0XD9NicfpMFESW1FaIeNmVt2S', 1, 'tai@gmail.com', NULL, '0000-00-00 00:00:00', '2023-03-19 00:12:41'),
(37, 5, 'Hoàng Quân', 'backend/img/no_avt.png', 'hoangquan123', '$2y$10$gX6Yk5yWYz0MvbRB7.6p/uU8TEZE0XD9NicfpMFESW1FaIeNmVt2S', 1, 'quan@gmail.com', '', '0000-00-00 00:00:00', '2023-03-19 00:16:02'),
(51, 1, 'admin', '/uploads/images/no_avt.png', 'admin', '$2y$10$gX6Yk5yWYz0MvbRB7.6p/uU8TEZE0XD9NicfpMFESW1FaIeNmVt2S', 1, '', '', '2023-04-03 16:54:37', '2023-05-17 08:52:38');

-- --------------------------------------------------------

--
-- Table structure for table `user_groups`
--

DROP TABLE IF EXISTS `user_groups`;
CREATE TABLE IF NOT EXISTS `user_groups` (
  `id` bigint NOT NULL AUTO_INCREMENT COMMENT 'Đây là khóa chính',
  `name` varchar(255) COLLATE utf8mb3_unicode_ci NOT NULL,
  `sumary` text COLLATE utf8mb3_unicode_ci NOT NULL,
  `status` tinyint NOT NULL COMMENT '-1:del\r\n-2:block\r\n1:active',
  `created_at` datetime NOT NULL DEFAULT CURRENT_TIMESTAMP,
  `updated_at` datetime NOT NULL DEFAULT CURRENT_TIMESTAMP,
  PRIMARY KEY (`id`)
) ENGINE=MyISAM AUTO_INCREMENT=6 DEFAULT CHARSET=utf8mb3 COLLATE=utf8mb3_unicode_ci;

--
-- Dumping data for table `user_groups`
--

INSERT INTO `user_groups` (`id`, `name`, `sumary`, `status`, `created_at`, `updated_at`) VALUES
(1, 'Admin', '', 1, '2023-03-10 08:31:12', '2023-03-10 15:31:44'),
(2, 'Purchase User', '', 1, '2023-03-10 08:31:12', '2023-03-10 15:31:44'),
(3, 'Warehouse User', '', 1, '2023-03-10 08:31:12', '2023-03-10 15:31:44'),
(4, 'User Consultant', '', 1, '2023-03-10 08:31:12', '2023-03-10 15:31:44'),
(5, 'User Waiting', '', 1, '2023-03-10 08:31:12', '2023-03-10 15:31:44');

-- --------------------------------------------------------

--
-- Table structure for table `wishlists`
--

DROP TABLE IF EXISTS `wishlists`;
CREATE TABLE IF NOT EXISTS `wishlists` (
  `id` bigint NOT NULL AUTO_INCREMENT,
  `product_id` bigint NOT NULL,
  `customer_id` bigint NOT NULL,
  `status` tinyint NOT NULL COMMENT '-1:Del,-2:Hide,1:Active',
  `created_at` datetime NOT NULL DEFAULT CURRENT_TIMESTAMP,
  `updated_at` datetime NOT NULL DEFAULT CURRENT_TIMESTAMP,
  PRIMARY KEY (`id`),
  UNIQUE KEY `product_id` (`product_id`,`customer_id`)
) ENGINE=MyISAM AUTO_INCREMENT=65 DEFAULT CHARSET=utf8mb3 COLLATE=utf8mb3_unicode_ci;

--
-- Dumping data for table `wishlists`
--

INSERT INTO `wishlists` (`id`, `product_id`, `customer_id`, `status`, `created_at`, `updated_at`) VALUES
(1, 1, 12, 0, '2023-04-24 18:55:54', '2023-04-26 06:44:29'),
(2, 11, 12, -2, '2023-04-24 18:55:54', '2023-05-25 01:18:05'),
(42, 3, 11, 0, '2023-04-25 21:46:08', '2023-04-28 02:41:27'),
(41, 11, 11, -2, '2023-04-25 21:45:57', '2023-05-25 01:18:05'),
(40, 8, 11, -2, '2023-04-25 21:45:51', '2023-05-27 05:24:28'),
(39, 29, 1, 0, '2023-04-25 21:43:01', '2023-05-01 08:00:39'),
(38, 16, 1, -2, '2023-04-25 21:37:21', '2023-05-12 08:22:20'),
(37, 15, 1, 0, '2023-04-25 21:34:37', '2023-05-01 08:00:37'),
(36, 11, 1, -2, '2023-04-25 21:34:22', '2023-05-25 01:18:05'),
(35, 8, 1, -2, '2023-04-25 21:25:19', '2023-05-27 05:24:28'),
(43, 36, 11, 0, '2023-04-25 22:01:00', '2023-05-01 08:12:03'),
(44, 24, 11, 0, '2023-04-25 22:02:28', '2023-04-25 15:02:30'),
(45, 2, 11, 0, '2023-04-26 11:12:03', '2023-05-03 02:21:17'),
(46, 8, 12, -2, '2023-04-26 13:43:31', '2023-05-27 05:24:28'),
(47, 12, 12, -2, '2023-04-26 13:44:19', '2023-05-12 08:16:34'),
(48, 16, 14, -2, '2023-04-26 13:47:16', '2023-05-12 08:22:20'),
(49, 12, 14, -2, '2023-04-26 13:47:18', '2023-05-12 08:16:34'),
(50, 3, 14, 0, '2023-04-26 13:47:29', '2023-04-28 02:41:27'),
(51, 2, 14, 0, '2023-04-26 18:40:40', '2023-05-03 02:21:17'),
(52, 4, 14, 0, '2023-04-26 18:43:19', '2023-04-26 11:43:24'),
(53, 8, 14, -2, '2023-04-26 18:56:37', '2023-05-27 05:24:28'),
(54, 11, 14, -2, '2023-04-27 11:28:23', '2023-05-25 01:18:05'),
(55, 9, 14, 0, '2023-04-28 09:41:32', '2023-04-28 02:47:07'),
(56, 6, 14, 0, '2023-04-28 09:41:35', '2023-05-01 08:00:36'),
(57, 15, 14, 0, '2023-04-28 09:41:39', '2023-05-01 08:00:37'),
(58, 28, 14, 0, '2023-04-28 09:41:42', '2023-05-01 08:41:55'),
(59, 36, 14, 0, '2023-04-28 09:47:17', '2023-05-01 08:12:03'),
(60, 13, 14, 0, '2023-04-28 09:49:25', '2023-05-01 08:00:41'),
(61, 29, 14, 0, '2023-04-28 12:40:25', '2023-05-01 08:00:39'),
(62, 16, 12, -2, '2023-04-28 16:50:27', '2023-05-12 08:22:20'),
(63, 32, 14, 0, '2023-05-02 09:56:40', '2023-05-03 02:21:25'),
(64, 17, 14, -2, '2023-05-12 15:21:41', '2023-05-12 08:21:54');
COMMIT;

/*!40101 SET CHARACTER_SET_CLIENT=@OLD_CHARACTER_SET_CLIENT */;
/*!40101 SET CHARACTER_SET_RESULTS=@OLD_CHARACTER_SET_RESULTS */;
/*!40101 SET COLLATION_CONNECTION=@OLD_COLLATION_CONNECTION */;
